msno,date,num_25,num_50,num_75,num_985,num_100,num_unq,total_secs,IP
u9E91QDTvHLq6NXjEaWv8u4QIqhrHk72kE+w31Gnhdg=,20170331,8,4,0,1,21,18,6309.273,1.10.195.126
nTeWW/eOZA/UHKdD5L7DEqKKFTjaAj3ALLPoAWsU8n0=,20170330,2,2,1,0,9,11,2390.699,1.1.217.211
2UqkWXwZbIjs03dHLU9KHJNNEvEkZVzm69f3jCS+uLI=,20170331,52,3,5,3,84,110,23203.337,1.115.198.107
ycwLc+m2O0a85jSLALtr941AaZt9ai8Qwlg9n0Nql5U=,20170331,176,4,2,2,19,191,7100.454,1.121.152.143
EGcbTofOSOkMmQyN1NMLxHEXJ1yV3t/JdhGwQ9wXjnI=,20170331,2,1,0,1,112,93,28401.558,1.123.135.213
qR/ndQ5B+1cY+c9ihwLoiz+RFiqEnGyQKo32ZErEVKo=,20170331,3,0,0,0,39,41,9786.842,1.124.48.210
N6ch5ArfJixq9mvARJv9ip1D11uvDVazz6Qup5mX7DI=,20170330,9,1,0,0,18,26,4920.255,1.124.48.99
JEjl2W1ivEI6epeobW3n5rDg/r6PJm4OJhtmhwYaQIc=,20170331,181,68,5,3,54,291,22433.105,1.126.48.118
lPK4IYIFdfTT6pq7x2dSV1Vy9j9hNMWzf7XfYBUBz5E=,20170331,3,0,1,1,181,150,46240.281,1.126.48.171
cDgnvwQwCwru2m3zcSuK5oTr6pr1nMPQ/6RerOmxrs0=,20170331,5,4,1,1,30,31,7881.618,1.126.48.47
Cwk7eMLB8Gn8WuzECC2i/GboGXOfkGhS8ju6Brrk2F8=,20170331,7,1,2,7,69,74,18169.176,1.128.96.235
6eT/NGMljpNgEeqTYIdhkc/dvUik+b+41sBNrXJ0cBQ=,20170324,78,5,3,2,8,85,3490.02,1.128.96.30
PVoh0C3fQb1qPNLj7SZ0fKzFC8kStQ/uT2bV358G/1E=,20170325,7,1,0,0,45,21,8159.811,1.128.97.122
cK5XYJqbmsRYasnA48AkJzUna8Ijge8wAp/r3Is/N10=,20170324,1,0,0,0,17,18,4012.814,1.129.96.120
zv12NEuyP2XxcgTDu89mGnPLdnfq8xhBY4jQl8JYLxk=,20170325,5,3,2,1,34,43,9060.814,1.129.96.21
NCRcE4eNurBdOoRk0m+hwDz94xBN6+KL5PTwen4hmWU=,20170325,40,6,2,2,131,149,29400.889,1.129.96.252
q5iH4iDmaFeyz2ZhvQsWlwzhfMhL98chdm4usnV4Ugk=,20170324,4,2,0,1,79,80,20312.57,1.129.96.79
dgjSYdCsI6j51myzxWAdm9jebVRsdgbsvwGcigEUv+U=,20170325,3,1,0,2,155,156,36424.954,1.129.96.86
Q6XdUeVvsXNF/7o0IjPbcSg6dCsFlsRsdGLuiT5UIiI=,20170318,1,1,1,0,136,123,37989.716,1.129.97.46
TWrqEpm0U75ZWW6CHzdp3hVDE7WCQLBX4czgXMvyldY=,20170317,18,1,2,3,170,162,42203.675,1.129.97.62
IXGl03MIJlMcJi2OQX2uIsL6MOpQGmmbs0gv8hHya0g=,20170317,4,0,0,0,41,26,9350.104,1.132.96.125
6TUBGALub4mtanT3rrvgztKmyViZcUpJ5bn/1R5jaPE=,20170318,21,7,0,0,19,45,6011.614,1.132.96.203
MP3mnG9WcBVvToAfUT/ArhdyZ4SqEfnG3Ab/XsZF1jw=,20170318,13,2,3,3,47,67,13721.915,1.132.97.60
HlAmwB3IHrDG4ViLtgggCLZOodjpFxLRTFIide0Q0RI=,20170318,44,1,0,2,52,90,13119.719,1.136.97.40
1x5QHqWV6tTSqoVAQ1rX0lveYhkgLISDczHtibAIQxs=,20170318,3,0,0,2,16,21,4206.532,1.136.97.67
xZmokPACIvbzXoCrwp+nxnB3SLiLLT+QnFy6ZOYofLE=,20170318,0,1,0,0,22,3,4194.039,1.144.96.234
8CqUdcMrqjWnGSlDcJPySyOjQn3UALKPq+nqBNwhrAw=,20170318,2,1,0,0,84,59,19074.35,1.144.96.77
azWX70ixfwJqo5yIbjFmG8TG8wMpAwdL0SFu9B9uzMo=,20170318,3,2,1,1,39,35,9707.448,1.144.97.41
0h/f+mzEXO0nt5dZRZJQHfe8Du8tY8eQnmoN2GGuNYI=,20170318,6,0,0,2,22,28,5961.087,1.152.96.14
9Ok7Pg4TEjBi11/UCYzTvjpKUbSIqnEeMqHd2LjUlFs=,20170318,9,0,0,0,26,35,6617.381,1.152.96.156
EtGyxIx5kfemuxyz/EF/X+fmPi4PsvU3gK/otorxE6M=,20170318,14,2,2,4,158,91,36704.541,1.152.96.251
vg16qtAlmVzBB8Ro/Nw4ufokUufkmiPWD+lfYXv5gwA=,20170317,4,3,2,3,43,48,11457.38,1.152.97.102
9mjgbJOxafEHYvsXkTDbMmYdlkiwPhIZZDhkzUJH08c=,20170318,0,0,1,0,17,17,4656.92,1.152.97.25
E+CHqAfaErdGBAL4FB7evsPA3n303WLzgU3jKaWPJWQ=,20170318,67,12,3,1,13,83,5862.302,1.161.13.16
vZedzsNYrZsRBhag8uivTbeJR3lL74kzULRi3XM4fes=,20170318,25,8,3,1,52,60,14053.858,1.161.27.235
Dde9YoZqShj9wZAgEm0mc+V995QOExh+1WRlL9oMQJg=,20170318,34,13,7,6,83,74,24825.041,1.162.51.164
pmWPGqnnkA0xpwq/f+FFplRqbh4fejmnufOYLRHNmCs=,20170318,10,2,1,3,76,63,19977.625,1.163.208.88
6cWurckm4K0l8cBEO5t3EqkY0dsdcxreQepdFneFX8I=,20170319,12,2,7,3,51,23,14183.384,1.164.141.85
9T9rI8iaoEpoZRWQ0BIiql+h0yzZ9aBaaSoLT7v1xI8=,20170318,5,1,0,1,109,26,28023.897,1.164.73.87
48b751JtBt3llSn5aSbVQgBHqInG72P6NnjLiSkT/cg=,20170319,0,1,3,0,11,12,2993.476,1.168.54.202
b74Xot5HcOL8YQGiuwLw+Cm7RyGV2fOkGczJomGLocg=,20170318,25,8,6,3,210,165,54995.604,1.173.31.228
PaVUCAJf0q9Nk+UJP/cIwe5p8GkaiPIHO6rwMJAEGBE=,20170319,5,6,0,5,135,143,34806.683,1.186.37.87
IYbqsaIlPpGu/an6G3YnpgAnwlJYp/90wBRGakRveUg=,20170319,0,0,0,0,203,32,38807,1.186.38.82
gdioAwGvWSwyt6rsITIZ/fms7Z3r/Sfu1jdvakaCy1g=,20170319,71,22,11,9,63,162,21403.807,1.186.98.212
l9PVEmVI0awlEy5TS31liAQnrEKASa9TtmntXb4Cg1s=,20170319,6,1,1,5,31,31,9379.515,1.187.118.90
gOez8s5b1FYEwuXnrcLwIcDUo7oDpHADvhCnyswId/4=,20170319,80,16,4,7,64,157,17744.003,1.187.188.80
u+dWCJZniExrQ9lzjymAL2ogydG+9/db/36GZZs3ifg=,20170319,7,2,1,0,19,29,5048.38,1.187.196.224
JPJGYcF7q88Bot5kG8a9wm3O1XUfk8DK7mFLrET2xas=,20170319,15,1,0,0,20,32,5010.391,1.187.201.169
c4QNJRdk48RdmAuvYNqgf0uJqJMQ8f7Ri/mFjQo2d+U=,20170319,17,6,2,5,34,22,10849.311,1.187.207.245
ztW6+r14N1nY1vxMblNsOvkPSu2Dlhn/JvUQEFIk/Gg=,20170319,11,3,4,3,156,106,39534.973,1.187.58.245
Oh1VLwnTzE16XF3Eohxxis5qjFCXa0OmbCOxRX+M6dg=,20170319,3,1,4,1,133,136,34674.439,1.187.84.143
fZzQ6xjZvHcY0PgCjGFKEftGtNle/V4NoMUbA2Ou/CU=,20170319,75,5,2,0,4,65,2730.028,1.187.86.94
mWJ/eCteOq2WRRXHJiGKc//QqBmY5CAmnB3OmnyD2xc=,20170319,3,1,1,2,135,125,33353.143,1.187.87.117
eE9bUDWOO4jwQzRsrMai/KGy0JlQEnUngWMUsL6YGrQ=,20170319,12,2,0,0,15,28,3989.711,1.187.87.135
J0BhO71yiNuIbyK+QkzR2Ih1PXarheWYO3EcZIQk5NQ=,20170316,0,0,0,0,3,3,697.004,1.187.94.62
DkyGqrae/Sh51Ltt29Ayff5GGCWkOZUn2CUsWBo32Sc=,20170317,5,3,1,3,37,29,9581.754,1.194.17.238
OdL/ZU8JJLpYmhKtbDn2l5P+gwfK06NZEmy2jM3ppEs=,20170316,2,1,2,1,78,59,20402.791,1.200.201.129
9QcLzIlqfxJ73K425OeW/f/RK6tfyvmCn2O9xbqxEgo=,20170317,2,0,0,2,163,165,34967.484,1.20.173.38
jGyovSRUPKAliNXJv56hP05JL7yUUG1vCCLHxMdalZk=,20170317,1,1,0,0,60,58,15358.444,1.20.175.155
qYflSLc04VgCLj4cTLzvFvxP8Hbbv3tSxwnIcvrz+Jw=,20170317,107,30,4,0,26,157,9421.074,1.20.175.187
Ok6QhFr5gNEP6vfzsxJR6bVL47CXH9uRhYUDVXk/JP4=,20170317,0,0,3,0,51,41,13164.59,1.20.245.38
HM1yHAat9ERVOCAmobGLhUHFpycxf0LivTCLJiNfzBg=,20170311,17,3,1,5,74,73,18383.383,1.20.34.63
lN0lzKGNuMCYDtplahze9lZ/U9y8mn899NamW2iYFrI=,20170311,5,2,0,1,207,141,47719.283,1.2.148.206
vzj9YX9GTHyciSZ6KG+YmzKF+xSp+NtLRrFKu/Op+ko=,20170311,3,2,3,5,24,34,8520.619,1.204.26.164
c8bRbZBn+OLkpwumBFhqHAxPe1Luzbwd6gcyHvyl9K0=,20170311,6,1,1,0,10,15,3529.431,1.212.121.254
1T6cC9wlTNDxYh+ikIsljHO3LJ62pdNxeo0uC6b9iUk=,20170317,17,1,1,0,55,51,12650.427,1.23.61.210
i44f7YSjcrHp3fx4cmCk9DBY3Ug0GrK+t7MvuReHk1g=,20170317,7,2,1,1,23,33,6858.786,1.232.207.82
5q47XHnBIXfWVTk00FFP19zhu5KG2fB7E2u5L+hBZR4=,20170310,13,0,2,4,140,78,33449,1.235.201.62
EPksqm8qRYAfi6Y4FA2LWQlYV1HP25497pCWvcw7Vso=,20170311,7,1,0,3,53,51,13119.246,1.32.127.178
AwJmdURM7ocG/PW0NtqiyqsxNnWeCKztWE0zYngzYtg=,20170311,8,4,0,4,59,50,16456.207,1.32.41.53
M5ThBvN+ZnNew7bSSFfgkj1QcbENzsEg0DJJckJIyKQ=,20170311,0,0,0,1,147,111,32397.046,1.32.72.28
LhF6GbtoMCNSMtK+oBl8QatNN2f5XKDdxijHObD5C6I=,20170312,13,9,0,2,21,41,6687.439,1.32.74.177
zQy8hwM9MAgSyQoxSEy6DVCoRWWN06L16pkjz75ZR5I=,20170312,11,1,1,0,66,45,15540.67,1.32.77.0
eKnCn5MfwWZHYF/1DztG2aRkQmlFnkfuSTVx8Q29DoU=,20170312,4,0,0,1,153,66,38913.002,1.32.77.0
PH+zW1t7SUaiJtFdo+Wb7iC2whLvkF7Jjo05tHnadmU=,20170312,172,62,21,15,27,185,22189.236,1.38.4.14
nOlmq9yZudEd9fp3FuBtYk0hbosXkIE/HbkP1QMRFiE=,20170312,14,8,1,2,190,202,48657.87,1.39.11.87
tFsZXMk5l+gBF3Hm1GDVA0sIvioi44s0txKP9dj2gm4=,20170312,9,7,0,0,62,56,16453.587,1.39.12.67
S2eVUKuaTZ4AeoDiv8vxzwTns4iP+QNICdcF+GitYd8=,20170326,4,3,0,2,127,105,33123.16,1.39.14.124
R4NJ1W0PfyXEUxNrSjTjrfLNU6EHxR4MJ0WB0jswEE4=,20170326,1,0,1,1,18,20,5132.822,1.39.14.149
ZClOgJxgRNI6GZkzNUkValZ0vc975loHR3v0E6VcONU=,20170326,3,1,2,0,124,114,27679.027,1.39.20.105
ZqEpuvRzyUvXM4mEXKbyAOFRX8sg3WeVapQR0EjMl44=,20170326,2,1,0,2,21,18,5932.278,1.39.20.193
JgIeZDl8gguxqNxZbukdLAPho3+1mxoUEKlGtd3/2kQ=,20170326,14,1,2,0,24,33,6358.604,1.39.20.225
QyR8qrD4wINhBEg5stm4bnwT6kdDCzgAmXxPR/aj2Z0=,20170326,21,3,1,3,43,55,12598.583,1.39.20.86
GplePcYyfMet4ON2yMEJE1K/znB9LN8EPATzlgz+qk4=,20170326,7,0,1,0,34,39,7893.179,1.39.21.169
9uT54Z+3A8/50nEV6fcjTQMRivgec0vPCU80CFgNX/o=,20170325,5,0,1,0,75,52,17432.765,1.39.21.83
QV3FLU8LxoSXSt4fbOCQGe5bEEkC4FJ/pbtWkbqV5w4=,20170326,6,3,0,3,17,26,4721.565,1.39.24.136
ca7Zvh1Hn+Kr5RxoWcaxUIz/2wWg1et4qD7YBMq8YMM=,20170321,86,4,1,6,15,86,5605.465,1.39.24.170
JJ1Yamg8NIaO5tx0S7yIIDzqeDoSJ/R3eDRNgFWvxuU=,20170322,38,4,0,0,100,88,23136.564,1.39.24.241
wwKjjfCeJYHWuTLDD445zAERBNSqJhRIgW0jtMvEHWU=,20170322,1,0,0,1,10,12,2945.822,1.39.24.43
g/TzyekD+R0B7XFk3rJ6n7pabYObiYtWr5vfTy5BIvE=,20170322,1,0,0,0,10,10,2567.656,1.39.24.72
z9OdVAwrd4gDsaxxBCgFZDxnepLmhPMbUfMJYpxRKak=,20170322,5,1,1,0,124,87,30563.98,1.39.25.105
2p9qa+IwCtLOIp9lyaS+lrq7jAaHd5Oy0UM8vtmwjpQ=,20170322,4,0,0,0,10,14,2768.329,1.39.25.10
QFcMTsGC5jrSdyKV5fcxhfcvPdx9NiF0ctAb1+MfUpA=,20170322,4,1,0,1,24,30,6622.126,1.39.25.191
Caufost0c2JIpKvQeUywIohzxujTTxc2o7iXDzbHKjY=,20170322,25,1,0,2,152,82,37669.086,1.39.25.244
vMaQMlOneQ/d3hdM5VdIcSokcPlUGMnV4Ocalef3+KE=,20170322,56,14,9,11,80,139,25189.168,1.39.25.40
tVOiYmrUNU0Qdc5VewEp9UzhUQXOO1VDC4APcmSjSLU=,20170322,0,0,0,0,189,72,37483.038,1.39.26.137
L03VNkumSFEbqnNgvQ9geghtnHrC91dGb0eIUMJZ0Yc=,20170323,1,0,0,0,11,2,2601.424,1.39.26.141
X70kIyldsNXgD+ggwOZ8cXBS7F3ukOIdn8Cj3qfycRI=,20170323,6,2,0,1,6,7,1529.097,1.39.26.201
NVeQwc3qFCH9197VjRD4Cg+GyDeqPnDe6AUP20BACDw=,20170323,26,3,4,3,18,47,6356.572,1.39.26.209
7WqG+m3RADDISPF2kgkO2hGrFdsfH3+PpLrKbUoAIJk=,20170324,15,9,5,1,38,65,11568.223,1.39.26.20
HxTSypVUOg9wc60PDuGvVUwm7IqBzlFUiq2eoAm7bos=,20170324,9,3,3,0,175,59,39954.06,1.39.26.32
qPhemGIYdK9LcHcFskQ6TU7hcfQtlPHlXP4NFYJO9og=,20170324,0,1,0,1,39,36,10230.984,1.39.26.55
ELfFm2xDfOTrDjI6q4W6qq92cXcoHXzmU8AnxhQ4T6Q=,20170324,11,21,9,2,3,45,4726.529,1.39.27.105
8TbP8N8B+85HCp8hb/NuJkOxA54WdXR7tLdTrzR1NXA=,20170324,3,0,4,0,49,51,12852.452,1.39.27.140
npcJtLXAZe5vO9V08e8pPPTUek6pkw/tyuutMn25Yr4=,20170324,3,2,2,2,47,50,12134.808,1.39.27.164
p90GU3LqEXKDVUFVtXCOfM9a78FRUQHQkBaXaxNxaLg=,20170324,15,3,2,0,65,45,16906.546,1.39.27.165
zRlDp47L4kt4qgbXQKIhs7KPbvjd399wxMjLIfgzC68=,20170324,1,1,1,1,80,78,20613.007,1.39.27.18
FmGwJsifn5rVppB/Z0JR6rD8ZhANZJPBSzXou+4G5j0=,20170324,3,0,0,1,111,104,29435.346,1.39.36.16
w6JMphonjMQUUsGBkEfEU22ZN31BVbBbYg290RZdRLk=,20170324,11,2,0,0,11,23,3245.629,1.39.37.140
I70dVkWSU1bijZN22RuperHI2i85bL7cQpk2XpQXNCM=,20170324,0,1,2,0,170,167,39999.159,1.39.37.161
uxsDYK+yX3WD6UqsMyBZfV1bOpx2lqofwe7JrNmomLU=,20170324,25,9,4,3,30,52,9515.018,1.39.37.232
b5VnBiUh0oAqjM+IhxXN2V+JKsYEuVctLI7AQTXwhZY=,20170323,3,5,1,1,249,230,62329.365,1.39.37.93
5ni8FMZTpYNsCWGT6VJRXsnqOgf8pn8kghrXTbv7l9E=,20170323,11,1,1,3,74,79,20330.935,1.39.38.235
wHm9MMQSq9E4P1wbXzm2ZaTxEGTOK4EVn7JCRXZr1KA=,20170323,13,5,1,4,35,18,10466.811,1.39.38.243
Z/vBuyJplbdmkK+wGQFAhK+vHiI3dogN9AVHO9ryCLA=,20170324,1,0,0,0,43,44,10346.236,1.39.38.254
VZHcd4jEeCxtRI4AXZhloyk/DDRuFhqVvWsBOY01BP4=,20170324,0,0,0,1,18,18,4621.617,1.39.38.254
v/eJur51mpARDl3UOt6qb/lAF0XWfk9eD2ABA0+4FMI=,20170323,0,0,0,0,206,168,51538.137,1.39.38.6
zMWSIKpT5u5dPOl8ej2M7XcWH+DdzqYuiTXr5HSG0uk=,20170323,0,0,0,1,127,79,27271.712,1.39.39.167
FkDJrvOOuh5/nwZIrSzNqXzI7BzXSAHl9GwwOC8npUM=,20170321,1,0,0,0,64,27,13751.546,1.39.39.212
V16sO3dM/Vwn1GWp2eUb8KwUJ8TAc9lmNnkUY6QsjGc=,20170321,15,10,3,11,93,74,28559.468,1.39.39.2
LjdsJvquRrT3PddTqMi+DzEIdpjRTByRrwVukrQ/zjs=,20170310,5,3,1,1,22,20,6081.823,1.39.39.71
TPXdCVdoLqUIXtJewGFyty8cWAhI7TE61dJTZchD5ro=,20170310,0,1,0,0,30,28,7300.161,1.39.40.114
8nVdHOVdAKsdETbMnpM4mRiYh1DydqG8AM87Zk5Hk0I=,20170310,30,2,3,1,25,31,7913.147,1.39.40.33
EOZotUtBfu5Jt2Ww3h0j2TBCK4TzAEnysw/VStAa7Xo=,20170309,0,0,0,0,155,26,37894.485,1.39.47.91
O8hGvz/hY8sv+VnOzqxwdXxcuaVINjr/wvUHwii/qLA=,20170310,3,0,1,1,60,31,13786.414,1.39.48.157
nCQszXBYxoxrmSS+Y4KhEARc0FhwykZfO0yi5CYYVd4=,20170310,0,1,0,0,202,103,50809.845,1.39.49.132
qJ5QfEWdjA25q58/I1PxXswjWGkta6lTpsMfzvx7bQs=,20170310,12,2,2,0,44,54,11145.656,1.39.49.182
cfJNLAOBlzkzsyFtjyghwa3Z9/XgWUqIDDixtSw0vak=,20170310,2,3,3,13,30,40,11801.999,1.39.49.28
k6eJ3xRzpnAkLsdWp4fFsiN7loavl/agmfrUdvFCJQI=,20170310,22,11,7,1,0,36,2344.1,1.39.49.93
hHwrjCghmWy30PSuFR4sJgkI8op1s66fViU6qTLQJ6s=,20170321,43,4,3,2,13,59,4876.731,1.39.50.171
GTKpjsOFGKPVlKq/QnceEBh0zkwoAu1ZJ/CJefDcImA=,20170320,8,2,1,4,68,71,18651.619,1.39.50.251
7TREBeVw+Pv4d87g2OQg6RciL0iP9ZQbF68e1pJnRT0=,20170321,2,1,1,0,92,83,23097.972,1.39.51.102
2t7KENdfxk7yvZynrM9amfqeCPY+9zDnqWQ3xOVj2XM=,20170321,4,2,0,1,15,16,4345.598,1.39.51.207
kOYePgBL0j11++7Xyp3nUBxMtuKHjBdybj4f2Yz2iDc=,20170321,3,5,0,0,19,27,5261.69,1.39.51.238
1zCntfGpKTGAwIcZ1srePSlRk6V9AgfB1oTTWXMIZTo=,20170321,0,0,0,1,59,60,13661.764,1.39.56.158
EOZotUtBfu5Jt2Ww3h0j2TBCK4TzAEnysw/VStAa7Xo=,20170320,0,0,0,0,122,24,32935.197,1.39.56.5
u4FhQLcgmLZo4nl+CqzdMueDwDMpDgIIOoDSFP7TwAc=,20170319,2,3,3,2,103,106,27017.526,1.39.56.98
hfRW3YtEXWQeL9Jxo3zBXbFvx1PhA0mMcjEGR9Xnx7c=,20170320,20,2,0,0,15,36,3846.77,1.39.57.47
2pAyeHEfODENsmsQ0KyzN5TD03s7gW/vdSRLmv5d1+4=,20170320,5,0,0,0,102,102,24282.385,1.39.60.164
eFGeWR0awdSSwcaQPcLqJEIBKxPGJiLAw0fi0PQPmZM=,20170319,0,2,1,0,104,34,22430.83,1.39.60.81
oDL5BzmxlL1n/pmIZhwQqCLj5dJ9kgsJKpYcz10hopQ=,20170320,21,7,2,3,56,64,16084.169,1.39.60.96
SmUe/GPn42A5/giP1vW49c4oOJ4AHyGnRr7XZQIJH1g=,20170320,126,15,2,1,68,101,19953.482,1.39.61.155
5RTq2SC6Orcj9O7xtXHyLH3o6kXc0t0i+KNo5WOyGQI=,20170320,0,1,2,1,187,45,43312.749,1.39.61.172
dipWAEiCCHeGsJBddjTDYUEzktIbs79XbXJihn0LScg=,20170320,0,0,0,0,28,20,6338.144,1.39.61.221
3ILY/VmTtYUa8ofoRPnXNgMxW12jOagJGuVq494Ou1g=,20170320,7,2,1,0,47,48,12127.535,1.39.61.223
2mhOkfJ+XB9G24OkiYYIVz7AuGbqS/xaNNe9brlRN38=,20170320,15,5,1,8,169,137,39948.288,1.39.61.47
dqZUHR/LCeYS4SmrzuWl+35h2Tgf1Q2BBmWZUT0EJNE=,20170319,8,1,1,2,55,64,14673.011,1.39.63.207
EssE1zn121fHwJWUsoOlL9VVWaQJdgQ+ceEiKPH4Se0=,20170320,0,0,2,3,86,34,23763.279,1.39.63.230
7UaZ3gDrHpSDAIDEke/z080QN8ThvsUcJ6SmvaWDXNg=,20170320,16,1,1,4,33,37,9044.598,1.39.84.223
wDDmvUMqTo+cbbTtlY04xIRRjDLHNtySnf7EuA/4rjw=,20170320,16,5,1,0,67,81,18188.624,1.39.84.68
X5ViGKl/8asulzPVIUE7SNphda8VvnoNVOvCrpiRW7s=,20170320,56,20,3,0,49,101,16700.736,1.39.85.5
RVMFqWqM/Hv+0FNwEnTFYt1DDzu+BtJE/zmBbaVBe9o=,20170320,19,3,4,2,96,94,26658.096,1.39.86.224
U2JfrvDrrI0TeRFntC7fRMxaVCWisalfXkE6vQNcrqI=,20170304,221,1,2,0,68,216,17398.655,1.39.87.223
6/JAjyB3UgWhiPAnEh+hBviRBR5CRPk8xluzrgU55wM=,20170304,0,0,3,0,87,14,22346.736,1.39.87.60
Mhk4qK3E3wEUFWQW4w23QPEXT4MoNDZuHPoHVjsaP30=,20170304,4,2,0,0,19,25,4698.641,1.39.9.163
Cwz/2fPz+nfCAEpamUbXQFmz8hv0i3eoKPqW8W1y/m8=,20170304,1,0,0,0,49,48,12222.408,1.39.96.253
uyM3GU0MEv8GGp/bAjDobxPJxDDB1XP3bT04pQW9r0A=,20170304,6,1,1,0,154,105,36377.234,1.39.98.105
slGz7e6ZTXRpiZglSI48ttJp/yLElnhwCVHFcH/k1vc=,20170304,0,0,0,0,153,153,39629.5,1.39.99.120
JcApgHFBxkzVEVGi1n/qoIBomds8+BEsZsF6p6hpoA0=,20170304,3,0,0,1,191,117,43986.632,1.39.99.149
AIgjrkeBEdfz2haaQZjhVWKC0ZcKKcIrk5qwUkrI4wQ=,20170304,14,14,1,4,21,46,6920.844,1.39.99.177
qtcp8nT4NHeKVD0mhvYK+zxc061sEwh4xTFVux88d1M=,20170304,9,6,1,4,41,37,11939.251,1.39.99.55
bLf43Q9GcbNT+8UVbhTZ41lXUnoXsHQDIVSuWVviYhg=,20170329,0,0,1,0,33,30,8457.177,1.40.214.141
BWHYM/wcRLBTQLIr/YBgMu2HR6Ax230AUi2lUwc3aHg=,20170328,16,1,0,1,24,36,6593.782,1.4.202.41
h6EOJBPyIT7PxwxRqffYcFOJ6QaZD2TLfqgIqGI3R6U=,20170329,1,0,1,0,239,26,47846.235,1.46.128.201
A9wpHhgDcE79SjWtQx4bt6HDsh/fbqdTEJp0cp7esrg=,20170329,71,0,2,0,41,92,10098.349,1.46.141.152
bB/I5ukaNnz6ZCxMQj1Zg2EUF9jfJyaRKECS/bTfssA=,20170304,173,24,7,1,2,186,5506.589,1.46.36.55
6jNgQq6/hnIKE/lVz1eV/lsnQyElJw0+FC32/0g5v6c=,20170304,3,0,1,0,64,52,14907.321,1.46.37.224
nermkjnXoEQ3fOnYAqDX2by+7nKQc93f9wkQIFn5FK8=,20170303,7,1,2,0,85,47,24663.257,1.46.39.53
6+/V1NwBbqjBOCvRSDueeJZ58F4DY7h7fG6fSZtHaAE=,20170304,29,28,18,11,111,79,34727.142,1.46.45.164
UhGx7LGCLbhGmiHby9wEAsdO0glItcDaj3HURQ9fPTI=,20170304,3,2,1,0,250,176,51468.481,1.46.46.135
jun7uh8MZW+PJTMrYylHhspATQlKjlwjUkLBehZg2n4=,20170303,0,0,0,0,19,19,4573.028,1.46.47.99
mDKq91Oh/6Xf9M8diUwkngAmESHOodRWfPYICPb5pCk=,20170303,11,4,2,3,13,23,4355.847,1.46.67.234
53blBrNlWm8dJVZrdlNUDYWsiyo802MmeBrW5YOSU/s=,20170304,0,1,0,0,110,69,27759.225,1.47.138.14
oBHF3VOQh6Dq9kCYk0FpmIKLut3oPmN7jAEPqlELcEM=,20170328,0,0,0,1,127,128,28055.775,1.47.1.42
nIixwIm9FEr1qeGNr3ahpcsxcEY/6zg86twmc3U8phk=,20170328,3,0,0,1,34,38,9062.508,1.47.166.110
qzON15LM+VfPlyqBrXrc3gD0QFY+JICIEsjemjuLmGU=,20170328,2,0,0,0,28,28,6486.21,1.47.197.135
ZgmaT0SQe7pnKNzP/0T2XQTINJ4XOH3V3UJZaScan/k=,20170304,5,4,2,1,79,66,19983.605,1.47.201.250
5CLKAWjqUmNjVFcQU0Oh+vZb+XgahOe1C8zhyZYpa4o=,20170328,1,2,1,2,208,170,51404.689,1.47.222.209
H8aZszHAy9bigb6WoXHLDYB5y30/rd+m22H1u4D9vUE=,20170328,0,0,0,1,153,152,38810.184,1.47.233.18
gzB8NbkTN+qkO/R+eeJskvqjct0zNL2EuFtrSgKNlGA=,20170329,0,0,3,0,16,16,4744.343,1.47.235.38
5qnZ3f75SzxcdVn2PEKbnyPCW7cC3/Uf2oC2EyrGxdY=,20170304,57,4,2,2,18,48,5558.692,1.47.5.179
itICHY3xTEOdfS16Z2lYuso9w56C4m0E2964Z3hDqn0=,20170304,2,0,1,0,56,45,14961.681,1.47.73.144
dM1SR8ILUhubUNJF8iaUFqTltLOTloAimmQl4KVpU9c=,20170304,1,1,1,0,45,33,10120.131,1.48.232.57
2mhOkfJ+XB9G24OkiYYIVz7AuGbqS/xaNNe9brlRN38=,20170304,9,0,1,1,209,144,50625.583,1.49.103.43
oLOLXxcndzEBNpytankhXtqiDagASzJb5BF9p06RH8I=,20170329,1,0,0,1,56,24,12938.419,1.52.179.86
S4F3/XZ/mykUvqsFkcPvT0UIzqWLctLalmQlxQHFyBI=,20170329,0,0,0,0,119,117,26524.666,1.52.67.133
qufKUjlo3SOny5C/6U3MJO4Yx/6UzoFAlbERWvbwrJw=,20170329,1,0,0,0,74,72,19183.966,1.52.67.133
uAQOxcD1vQ2pNBY8n9dNKYInihtQMlelcjlsJruR0wM=,20170329,0,0,0,0,61,59,13709.768,1.53.56.175
W2+NbGgRk2DrO+1YuS9SqsPQg/QZUdo8rMPmy2Onn8Q=,20170305,17,2,0,1,23,40,6067.916,1.54.110.52
34dLYRlvAkL47rtxT0khecVSEEmpqs+GIAlNdKuPr5w=,20170305,3,3,0,0,6,6,1562.216,1.54.15.188
AnInEr6Fy2rzQttgChezmPmlpiW/dc7Pe44PrfKuPmo=,20170305,128,17,6,5,26,125,11359.758,1.54.239.15
HNHsyqMW0KHZg31zYal7xqBR0fKMv8ii3gAKHq5iYx4=,20170305,0,0,1,0,30,31,7685.811,1.54.28.94
6gpCtWZLLAIo3Q8BvYpIAcp6ifG8w2caUJueAFV9K94=,20170305,0,0,0,0,7,7,1572.105,1.55.133.2
F5K5z7yzG2nZ7EAeNuDsECvkdpUh8wAjw0DWvhTLnwc=,20170304,3,1,1,1,40,40,9263.655,1.55.192.223
1iXhbF4mxWusG1K6e7XjJeeKJSkCQe4qHHnOd1md1ts=,20170304,4,2,0,1,50,45,13629.957,1.55.197.136
+M+GEGl54/FtdzcP+1X/RkuyswQBN+spLqsALU5oLRk=,20170305,13,0,0,3,41,41,10794.351,1.55.199.202
SvtV2cfpyH/ULsM7M7JE32feUR+QvRmcpI0xx5Xc8GI=,20170304,4,8,1,5,39,44,11211.3,1.55.244.52
/nXPS0j9pWSTzmq3yn9hdOOby/tBU5grT5g/jkOLZsQ=,20170305,2,1,0,0,223,34,50101.837,1.55.245.52
T0qcLHv9G1ny/0wnaqJui4AnyqnDiAYp1fCXAdwbZwU=,20170304,23,6,3,1,31,44,8909.47,1.64.142.195
6Szy4B37Bwgzqr5m8UnSo75ChE78y+PesJK7btXDd2g=,20170305,1,2,1,0,182,144,41398.692,1.66.103.232
L/d0x4esqhtOtpDazTJFOlEnU7f0MouEPwvwSZMtkFI=,20170305,23,5,1,1,7,31,2263.857,1.66.96.48
4GR1B/pVT1vS/0wQSFh+QLXM/xKSPM+zWz3hCxM/isU=,20170305,4,0,0,1,18,23,4390.661,1.72.1.230
GHkCF5oViCOdi3Jh/Lwx+Wwz9YzIcyNVPrAeZGvZs1U=,20170305,125,41,13,4,5,155,9188.734,1.72.4.177
4K8mL6NrJEBrFpwZv9layycQAyObiiwk480ZlafNXzc=,20170305,3,2,1,0,46,49,11653.651,1.75.196.109
W7sFkFDBHZlMXC/VXxPHL3Zm3ZoH9id6Vx+bekr9qm4=,20170305,4,2,2,0,62,47,15097.826,1.75.234.240
eyX9tl53I+AXGfMhERvQdOsN9PHmOL4oLgYhBcurG2k=,20170327,10,5,2,0,20,36,6283.938,1.75.239.141
itQ8RRj1Sob7AkJT2HMc4BDATeOZL3h4OKyzqIX4Cq4=,20170327,15,10,4,2,124,130,31645.086,1.75.249.38
H7baMdqhGtk+nFtQ/xpgUOdpBTvKb5dZ8ET/99QygcY=,20170327,5,0,0,1,8,12,2083.613,1.75.252.102
Sv8YtFGdB4OiWSsPcsJaxbrzjH69UqnmtO10PzN4RZk=,20170327,1,1,2,0,130,128,33413.12,1.79.84.84
CRr3o2KfqbJv4sgdrhzpsFUDvM32ffnA0E7P2dqhKdE=,20170316,1,0,1,2,44,45,11457.163,1.82.216.134
eJd4+2JmOky5zTFdw4s6PymedIIJ43NgvOCtDXRVIN4=,20170316,12,20,8,6,22,54,10208.545,1.82.216.134
3Ut0GJbxx4vEtvfVcXNF8DgZax5giHIARVJa+0htCPM=,20170327,10,2,2,1,32,39,8436.162,1.82.216.134
t3uSzKA05EAZs52fdnBuIzdDroFgLrY5o9sNuJ+zO7k=,20170327,1,0,0,0,117,90,25980.137,1.9.100.162
saGC6wjD8p2FWuSapinSXooCcDtCFSqDGt6ZVN8f5x8=,20170316,3,5,0,4,76,57,18741.303,1.9.102.13
bVpDCnyiizZ5PmpC+0UDpoD3hwYJoUskksezu9/Id6Q=,20170316,9,12,4,2,6,25,4026.767,1.9.102.29
9XcKxU67ombZQCOWRPT4bpUa95pGiBcCIAuYxaM89vk=,20170316,24,2,5,4,86,87,23014.28,1.9.103.126
5PTsm28bLzhZfyMiMGtQi+947ifMQOfoN/Cu9rHJwkU=,20170316,14,1,1,1,45,55,11802.778,1.9.103.153
Kw+b58CzD45ATYXkNqZC1MeUM0AipgPQrO9INzd2eFU=,20170316,2,1,0,1,21,23,5892.927,1.9.106.24
Fo2ZoD+gNdlFQFZ6JAxjRlQRjIC06cDzpe+cxZw8mIY=,20170316,3,1,2,1,29,33,7229.087,1.9.139.245
UgpSXx7BAfB3Tbjse0aoItBB53wgA4n6XoCoJXla6SY=,20170316,15,6,8,5,102,105,26539.136,1.9.246.12
/3DXYOEtRo4jGtY2Og516+cpub+2b14p/F3Rgr4XrTw=,20170316,7,2,0,2,34,39,8350.971,2.0.22.125
PSZ28rFJaHzuOTYwNC8PNpPN+2OtTA5vpNWGRL/Th8g=,20170315,10,5,2,3,80,49,21523.426,2.1.126.83
6ux7ncoRmei50sDjpAKYYW594haQ5Aa0K6sm9GLtlSY=,20170316,81,58,22,10,30,163,21568.703,2.102.1.224
uBq8SIwGS/YPoiZDDVD+tJs3dlldCTrEZFusJESRa8w=,20170316,13,1,3,1,29,45,9198.783,2.103.114.149
8lPi3PQFwu71GNG6yQEImgdCVJ4WITllUIpmjmbgbwY=,20170315,6,2,4,3,30,44,7568.692,2.103.28.30
tP0wJlNTApF2FZWQA8YmJOdH2zLfIygX5fJNvapv850=,20170315,10,1,5,6,32,47,10076.199,2.103.64.182
5WkOKg7qoKyzh8+IeOFcYn19XvGA0RCFsALq9pOGBW0=,20170315,9,1,1,0,13,22,3537.345,2.103.93.166
41WTqeoDh5qX3BZ8FJYjsHWV19+3qmA7BP06X1XFmDk=,20170315,10,4,3,3,31,39,9544.127,2.106.54.102
cizlA2D4MsZ2QR4AlZFEXXZDkAmqtexRpTi8MurtXQU=,20170315,3,1,0,0,22,26,5504.887,2.11.117.89
4mQPg3nOqv9epqvB/N7F1BjFEFcB7d5WUDRzAIxtNN8=,20170315,8,0,0,2,95,105,24246.056,2.11.50.34
0mctOT0vDg43Hs4LbAWvdG5ddPWCwe0Z/gvO21Vb7BM=,20170314,15,8,6,4,39,61,11705.875,2.11.68.87
RHQm4ROq6Hwf6fwXg9YfFsi77d1O9Pmt9HFKZMk8Dv4=,20170315,0,0,2,3,141,143,32744.17,2.113.199.58
NSumpD6chqvfQ3DXwxZmou4keM+6JghecK6hmHE2A+o=,20170314,2,1,1,1,58,55,14661.251,2.120.202.28
1AAjnVbI8Gg7/dBchSBx0gkS2Dk0iifM+aqLlRTFfdU=,20170315,0,0,0,1,25,25,5602.595,2.121.174.255
OwXMUdMqfsTJTKKBPTtRX0g81y8hHC3373znTCs3eVM=,20170314,0,1,0,1,118,78,30133.738,2.121.94.176
K0xFotzSMKzojGuPU1YyqgTavFDByJZY6yQYKq4s2ig=,20170315,1,0,2,1,20,13,4570.217,2.122.105.53
TQrCNstL0vMrhLuRY3+iBZKK4dB+CgRci9Unu1+1ztc=,20170315,1,0,2,4,142,47,35825.873,2.122.192.110
ikAcJ2GsLGFZxGConefSWiacov+g9myO7T635fFB3xE=,20170315,1,1,1,0,158,160,41617.099,2.124.50.52
zuaohl4m+wYjzpeEiJoQrkuKvv1i3B8NC2XVZWiF/WA=,20170303,54,13,5,2,44,112,13683.252,2.125.1.110
1lTWz8gA0r+KCwsk9Tx7YIHHYlgn3vYSKf16wgDKcsY=,20170302,15,3,0,0,25,33,6557.627,2.125.175.145
iic+ZpusQxMLBnBKZaVqCOK0/nu4zpHhWBdFff89Ln8=,20170303,11,2,3,1,32,49,7800.746,2.125.252.219
Y4BoOarUVVB0x4eKZ8uMv6gXX1roSLdm/0zD6byIaCk=,20170303,0,0,0,0,35,35,9247.588,2.125.62.74
EHxoCN3tybiOMqHPtK+6yUPAluJn4/6bgBfLjSH5ipw=,20170303,11,2,2,0,76,91,18532.544,2.126.140.66
crm+uhFb2Gzb8tytytqaE4t4r1f3O92NMlb2lxn4xTI=,20170303,6,0,0,1,3,10,1022.293,2.126.142.47
6ajRYXsA4jnVH2yXvRd9a5qGsvyJOZBKD16/htEirTA=,20170303,0,0,0,0,113,27,26572.818,2.127.227.16
9hpiLZkL3BZt6qWMD7Rpm9N37ZIxvCh7ICPPMkUpSVY=,20170303,8,3,1,6,45,54,12911.693,2.131.235.112
XcFLAKmF5JsJwV3Mf+YNuAacxGBsu0TbK7c29OzXquQ=,20170302,1,2,0,0,93,35,22373.241,2.132.103.216
klhSgfTKeyVUmwlLEMNJqGQSklrosD1D4ZrQCHToI1E=,20170303,22,5,3,3,38,41,9709.938,2.132.42.17
IyDx3z0N2ffQk4KCMDnwBPe7WShYjfi94QWOuhaNvwo=,20170303,2,2,4,1,136,72,34986.796,2.133.54.15
ORUaiH4z66kfVaKGvnC4qukcfhCLY9X9Y2LWcLncvYo=,20170302,5,4,4,1,108,81,26038.082,2.134.96.129
BNSYbtaNNCYfKVig95LpQJArTEx/RN2FgivSohB8r8M=,20170303,8,2,3,1,127,131,32272.922,2.135.166.133
Y32kzLDUGpS0JjDZ88WXsJ4VI2K8hm/fxOd5nMSuTsI=,20170303,0,0,0,0,29,29,8197,2.137.104.119
Dl+AaJRwF6MhWI4NT7qqC7bp0woGMCZpFBlBaG8NNLA=,20170303,3,0,0,0,99,84,25370.737,2.138.111.180
92XRanJCsSQ90Gncy44oXvzQv4IV0EQDqp9iGLYh7Qk=,20170303,1,0,1,1,31,33,8346.072,2.139.160.182
ECbW0wTGpobCu9MHf9S2tXzmljV5fRbm3LCHyDXRVs4=,20170313,84,12,9,8,82,146,27206.962,2.14.220.99
QcYgcxBBPtxyaZjaFx6G1bZEayTQfKAGedi5uBRVhtw=,20170313,0,0,0,0,71,34,16168.111,2.14.83.248
Q+WaRr7qgkaZ34VHo7ze+5GJ7j1pVxHB0hatlDsCKK8=,20170313,20,2,2,1,57,63,14553.048,2.146.72.95
sYIl74uW4C0dokhwI+CrP7iERy6Dcdm2k4aL/U/om2k=,20170314,5,0,2,1,14,9,4861.863,2.150.50.187
QGaEqmdKv7nx/XTrbmxwHOLB3XKMisUPKIFMfvlNBCM=,20170309,1,0,1,0,55,49,13430.762,2.176.174.69
+dg+rFWe14OLawI861ILE1es8WLWeVnjY84+YrTmzrs=,20170309,0,0,0,0,125,100,28209.732,2.176.180.66
VyAIzSeB4Ixl9lAjnxHnlNapycqOwXX7hIXyvJ/ds7A=,20170309,25,26,15,12,122,143,38761.128,2.176.188.174
lZnmLeBnc/u9ouoZvEMejlE/XBjhNX6hkZZgEetiZeg=,20170309,6,2,0,2,34,40,8589.597,2.176.220.192
Y8pXvGCBuuycxsys6CBtBA78y6t0b0Wzbfexf377QwE=,20170309,2,1,0,2,185,128,48730.343,2.176.31.92
c7R3TbWuiFd4pf0NHrFvscs8MEYrTHZn0jjeAXJUVs0=,20170309,0,2,1,5,211,206,50179.271,2.177.190.111
N+li/aYF0WmTgqbuXWCi3FpKr8zYhpSiDb2K5nNiHBg=,20170309,24,2,1,1,13,35,4205.147,2.177.219.108
TU9e9ClLyrs3Fl8Cez+r0zX9GhBxFC7Mo2XX0jxkFeg=,20170309,3,3,0,1,21,26,6011.64,2.178.20.222
M9GaFdF5TSStoNPc53EWP78mvTme74sPq6UdDa0Rxqk=,20170309,0,1,2,1,133,58,31623.616,2.179.247.216
hESDhTm0VeJf/f7+B6LJQRZ6Mbq9ZRCWEcR4GQHNLg8=,20170309,21,1,3,4,64,67,16871.392,2.179.64.218
tj2fXDiZoTHEeFUVyabkcchfMeQHvzjHQ2avD3HE11A=,20170309,6,2,0,0,137,110,33349.678,2.180.228.174
985+KNr7QC18ZlKGCPcfHkXd2B7j5I87ZZZ5heiKyBs=,20170309,9,7,4,3,104,101,29005.658,2.181.95.171
OFDh7EwttPDtPhE+Dcrfsa9subtw84BFzIfiJP7oBEA=,20170302,1,0,1,0,36,36,8257.036,2.184.43.244
g5IBHg1VjJhdDVvDgIyyQ3VQAvrFj0meevrc33ubhB0=,20170302,1,0,0,1,152,26,38042.66,2.185.250.179
S65A5u7+McVeb0NBHm6tN5oYIpAdTh8W8egPrBrOx7g=,20170302,23,3,1,1,23,47,6216.198,2.186.219.39
QN55L/WRfrzU5+YURgizLRtQsyrojX3qcjBzku4l9Iw=,20170301,12,1,2,7,100,58,24597.502,2.187.81.224
TEKjMR7ywzojrkz6YXQRqywLVBOExvbh59OkIOhHQ+U=,20170302,7,0,1,1,12,14,3272.203,2.190.149.171
XBshQlPlyqrNDNpmE+ZXVJ1F20MjAlMiqyC3QCIFAVw=,20170302,12,7,3,3,44,58,11562.108,2.190.149.171
OQCjfGtj5qB4YZhlgtvOkxTaO3MVysx/1BgR878/ElA=,20170302,13,1,1,2,62,68,14458.41,2.190.161.20
/ZT5t2mOb9u8KWX2FFNP9M2Lr7tnl7beknpTrMTN2Ts=,20170302,16,0,2,0,73,81,21075.314,2.190.161.20
3vnbdcbELyo2oFTChVCyDffS/XzpB4OYF3eG84hOeik=,20170302,6,0,0,1,24,28,5897.289,2.190.210.49
6FCN5syEVKlr/ws/LzfCGqssYqE3S/1NARHrTMHmL7U=,20170302,0,0,1,1,14,15,3845.676,2.190.56.30
Z1d1ePlt1duTTqrmr7StWQ9to6Qx2GPkWe9HCnmBXmw=,20170302,12,5,1,3,35,48,9114.594,2.190.59.167
uMKBDo2PX8Prlb6Ls+oKJFUKSg9AFMaTL+0hocBsUtY=,20170301,20,3,3,1,129,126,33611.81,2.191.171.20
2Pxa9O2NYMXiDMfhXhX79LR/WjirijtK5OqbGvkegwA=,20170302,6,2,2,0,26,36,6910.11,2.201.0.160
mFdwg7rv+8tx6KE27/U8UOiAzGNrBI3Tmeh4F+zvi5I=,20170301,5,1,3,1,205,78,51445.189,2.206.0.223
lX+WciVShLi5UaidduDvoyFuZe2eB0geEOn7mmoUxME=,20170301,14,1,1,2,102,30,26430.985,2.206.1.209
DoWFgmis2pCuemqA0ieVsE+/UEnEt8ioGTqO78xJLfo=,20170301,4,0,0,0,117,93,29530.284,2.216.181.197
QfZ7lUvhkOwfzjotW6zyLImdxMo6n0oebCMZZqYHOgw=,20170301,4,1,1,1,44,42,10785.684,2.217.150.115
86XGIyEL2Fz6x3jKf1Et2EuXLU1z8T1VVBOOcLj6p3I=,20170301,1,0,2,1,52,54,13813.18,2.217.184.38
uSANsgWEU1IXOIpoRIhHAAzsLrqOag9BW96WHBs7T80=,20170301,71,10,2,0,51,103,15087.51,2.218.151.218
0CcbZ2KOl50ZDqjQ72Z+HrpeD++/VXOGU+mgheNoA70=,20170301,9,6,1,4,6,22,3355.43,2.218.232.224
TRNcs/Ym9jF9yNzqaFyKBQoioI6CvBfnZf14DRYUo4s=,20170301,0,0,0,0,39,39,9324.08,2.219.40.237
c8Uvjp+qkeTdr2/GpiLzfOm9p61XGiF7qPqtMIh2Q6Q=,20170307,2,1,0,0,16,18,3846.947,2.219.41.97
5zfkYuTqykvzbz5VLVoRoT5oZttZhP+rUpxKLg/55Rs=,20170307,0,2,4,7,17,22,6473.129,2.219.51.2
caDud3bVVRdU1qXVFxUiJFqy/VZsGaCRbEngOfAoSJY=,20170301,10,4,3,6,77,65,21805.321,2.220.72.13
HxwDpL6/lauqhmfIcohSiW6+eKbKQq8RFdM9upCBYg8=,20170301,0,0,1,0,10,11,2843.566,2.221.126.88
Oq+snp0/3kGAV7sir1Kcn32hqyGvvVbKiXc3oLlE3OM=,20170301,6,1,3,3,36,30,10670.346,2.221.188.7
bsMPlqZVXNHgko8fVCEgC6W/iuADX9V90/P2nULAnbg=,20170301,0,0,0,0,18,18,4085.068,2.222.178.177
TZPN+XgTnD58NoHyGaWK+4j2Somd4Lv2aPJpTb/Kna8=,20170307,0,1,0,0,145,12,35454.423,2.223.65.130
/Mrbo0vx2A5qqkIQTyfVnKerr6NEOyTDsLCfQj/TAaE=,20170307,1,2,0,2,231,149,51177.627,2.228.228.228
yTFznOawNS1F5utrYp6EgaWrKJpmpRSHeULqbdIusRg=,20170307,2,1,0,3,3,9,1677.516,2.238.22.150
jntUag3bF9enySA9pvhY/ZaqiiMTe7DuWCpxlDNf8Fo=,20170306,3,0,2,156,10,167,42023.339,2.238.72.16
dp0pW4CseTVXK5ONZEIysVe7igkVQdxiWBRatSmUMA8=,20170306,1,0,1,0,53,33,11177.157,2.24.69.32
ZOvvqExlafY+gXC3VR2J9WbohE8xrxzphUf4VQ1IuSg=,20170306,30,3,4,0,56,87,14785.342,2.244.71.58
CMHImZH3DRIKjmuyarVmBC+dyc3CtWu9wAxRVj+/OaY=,20170306,4,1,1,1,34,32,8662.255,2.25.168.213
Vs9+ASv6TW9dtA+mdusCB9Gn+OKPPDQtmSUb5sNFJLo=,20170305,7,2,1,0,30,35,7953.354,2.25.218.5
E/KeQMpXJxa520r/2LDj0lPsfSQG6/Ht2HjqdIsOUKA=,20170306,4,0,0,1,191,147,42435.389,2.25.81.144
MUJiCgER6F7SZ4X6K0N8q2Ok76xsEZIvi1Cmvoz1FnI=,20170307,2,2,3,1,13,21,3891.374,2.26.248.80
pivtskoKs3tFgSYQ9NJI5ep0LX+MpjwcFY9fKBMAnXA=,20170306,0,0,0,0,1,1,247.524,2.26.49.16
OG4YXYmZWOWJYND5VIhaQDjj+CbNBBmI3w8A+xkmZBQ=,20170307,25,31,2,5,78,72,22508.476,2.28.209.157
459uNn/NIvgTY3UMAa27qu7OCONwrk/CuuAkflbETVQ=,20170306,3,1,0,0,118,119,28371.664,2.28.25.223
jQjaL8nT10clel/KhE8Xa127YTX5/zutIl8LhtkzqjM=,20170303,0,2,3,0,84,61,23464.114,2.28.5.205
u+ga3PjW0x1Y9smb73rhUDfWdjNhu/p+THkp22ems2E=,20170328,5,1,0,0,120,120,29396.163,2.29.125.59
bdesOF6Sh9CmW8gjfmqDl5bT3e3YWSU8h9v1/MOpCdU=,20170328,7,2,2,24,27,55,13552.751,2.29.249.204
g+S1MBQItALDAljou010BOMQpgaE2zRkp8P26fc9ZDM=,20170328,0,0,0,0,139,133,37203.864,2.30.116.213
1cOMJztv1hJZdcNkIWn6wmIpxwwQWOipnksj7SwaPmI=,20170328,11,4,1,0,173,117,43676.225,2.30.171.179
cCjJv3HXJpy0rSsI/huUj6ZhxrVue5CGlHwQPBVMCQY=,20170328,10,0,1,0,22,32,5721.188,2.30.254.94
v/MmbOv8YTWCLKYwj4lzqexGzz03tEARjiUE39RuqlM=,20170328,12,7,3,1,40,57,11264.318,2.30.48.126
jPqx+20KCF6UPgxWAEi4HeA9IhKgnLl3jr5MBRZbLVY=,20170327,5,1,0,0,21,27,4980.902,2.3.254.73
KC0uAVQxUohiizKatjA7QxnSO3unobPw6O0uvsJf4Ns=,20170328,4,3,0,1,33,37,7577.144,2.31.158.224
B/9ECD7yg1kQIKaZdnoTQswrgGYY4XBXtSlyaKL4pzg=,20170328,1,1,0,2,100,78,23001.136,2.31.202.75
IFYmOOi0zPXXF6+mE0CK4BVADzGQTQe/M51ju/dJRbU=,20170328,2,0,0,1,75,50,12438.192,2.31.53.38
Kuf/igHwQy0hqxyMyBl7U+uxaoWDE7fBpgEN8/nvobU=,20170327,9,1,0,1,187,141,44574.197,2.32.0.137
KZBQkL8pN9/572zy+lPXNvZyH9QOX/1dA0dMaUBbftE=,20170328,0,2,0,0,20,22,4956.65,2.35.177.172
EwKqDu/mbD31u5fCPR28OezGLOArUOonWuj6lmBywxg=,20170328,23,1,1,1,17,33,5077.004,2.35.250.167
7MXrG/8N89qCN/7SUSmYAHG2cQb/RkAIKLPjFMVuMa8=,20170305,10,4,1,1,10,22,3021.161,2.37.116.167
43522HpkDYxZI7k9V9gYqHGvXjNIC0PsBAiIJjQwOSQ=,20170305,6,6,1,1,32,35,9215.551,2.37.158.30
0gwVW+KUVpkwCiVDODCcEa5s26xMmHhlaCTCmow5BnE=,20170305,1,1,0,0,32,34,7387.518,2.37.227.197
fC7HCEZW9IV73dmE+owgIiPtkgkNvfHjQG4TBS58AfY=,20170305,2,0,0,0,130,46,41284.868,2.48.12.94
F6OBXAtEvMuE4r7U8uREtt56K5gDNnJsJ5he46vqLHo=,20170327,15,3,0,1,11,30,3163.498,2.49.64.111
gXdMWngaV19y8Q58XauCO7K9eImYEuAj1omfKWo16j0=,20170326,32,6,5,4,93,89,26062.316,2.49.65.251
imOhcjS2yWMz028UK+zksdy6/IzBL0VXPNrzUaH3Gxc=,20170327,13,7,5,1,33,49,9575.072,2.50.110.253
lDVedYLJnXRkvjyDxi1gG41HT38lCk+MZo4oZFbCODA=,20170327,5,0,0,0,73,27,18610.67,2.50.132.40
0JfuyM+Dhn4iBHatmabe4UY3g6Zmt/TxAwYxlZ2pEPs=,20170327,10,1,1,1,61,41,13534.723,2.50.164.114
nIrR7a6Ja4nRJD47AaFVvbLKFfjN1+kMHb/1Apgg5O4=,20170327,2,0,1,2,105,105,26848.739,2.50.210.1
dWaEVHP5ijeh5PhpTPDtR9oIw6tBOZwbKA+xL9lwq+A=,20170327,26,1,3,1,9,40,3013.899,2.50.227.169
rqvulNazMMRfBWf+8N31g21JwfGKjpb/yEyMAqxGOoo=,20170327,0,1,2,0,34,33,8982.671,2.50.56.131
2DhVNugAj3j2BWt2Zyc1e1L323mmE5nCoPgU0/LHksg=,20170327,2,0,0,21,16,38,8959.563,2.5.20.162
X0Oo3XOxPvzubIV6AYWhkDpgZkplFwk52xEVDR6yAlE=,20170327,37,5,6,1,90,50,23836.735,2.5.253.134
q4MUFVQPGc6kiw0gz4vxTUaVz1njjBoYKiFLsHYihy0=,20170327,2,1,3,2,42,38,11854.412,2.51.109.170
UnCEO92LD09fR1ujhzI8Rrr1Z1LSDzog57vwBWLKKZA=,20170327,3,0,0,1,143,53,34847.045,2.51.139.219
yfICq5FMIxHS2hGal3CXNTjvH9bpUvUWWdjdpSEN3BM=,20170316,8,0,1,1,25,16,4178.941,2.51.146.142
4m9h532kZ8q/fzrQtn3PhGeOuKharfUSCVwI4CKRJdo=,20170316,0,0,0,1,76,68,19714.724,2.51.33.140
s+TzppHkN2V9/dXLuGDfT98MiMKDyqChyOH8mxRb2+s=,20170316,0,0,0,1,74,75,19028.386,2.55.190.64
nVTz26t1jYAIpxDIKHP5xWTyvYzCz7L0s10RUbt/ewc=,20170315,1,1,0,0,19,21,4894.398,2.55.22.22
zOm9qQ6DBdc5o9WWjAuOiJrCL+uiCc+vzCsc5mybQqc=,20170316,0,0,0,0,11,11,2746.789,2.60.70.57
ZWt8pRDZ9b5pKeFDvG/e6PxBqGaKl/R41QKueGnrAns=,20170316,1,1,0,1,3,6,1286.939,2.73.19.90
Zks5g1Wesb5RLG8EtmSqOdRSVY+hmTGwTBhEXesU0To=,20170316,2,2,0,0,74,69,20066.3,2.76.35.197
270IDoVvrjadxGoHHiwjfHvK8VUpW1PfJ2VTCBcVgCw=,20170316,18,5,3,9,51,30,15961.804,2.78.221.128
jK9U3j3XkaMoACn+wFtIbz70ivElDtJAUJkSr7BQveQ=,20170315,0,0,1,0,115,96,29413.012,2.78.255.96
Z+ckMuajlCF7CGkYc2IQPKKOM580DsXcjuaFEi8MuvE=,20170316,9,11,3,3,22,39,7559.739,2.85.37.194
L6nNh31ON4bmOLF3sBOufc2QWSR0mHMLdZg1bmKsDUA=,20170315,38,1,3,5,27,63,8220.604,2.86.245.35
Vh5KbufdIFNKrQiqQwtPEkSLw/1w0Aap/rVtAFL6OOY=,20170315,0,0,0,0,138,100,30366.363,2.86.6.237
i9sZ4UPegAp7JrjqAxOwFiScIGXHI1eh4OSfr4hFP7A=,20170315,4,2,2,1,7,15,2422.19,2.89.222.130
wqLYH+4eT/zYwDnsNnOoeTKvqoOzS82QEh4vOoe3tsA=,20170315,13,1,1,0,57,50,13793.348,2.90.101.80
pg9m2sZSg5DpqIYVZJ2/+FjExq+HRPKzk/vWXdJ/lLM=,20170313,2,0,1,1,5,5,1522.435,2.90.33.21
sSbmL+P5OR/aQ26iTcDRv3JgcwE0Z4EE8t/fJY6QJj4=,20170313,2,0,0,0,83,63,22147.571,2.91.123.34
0A7ujHuwzYY6c1XvgP+mOD/CMP7yS+mfdjz87MaMJPE=,20170313,2,0,0,1,35,38,8489.837,2.92.32.107
sWY5sF9g/PZ/8junK01X3aF7i4YSXjEXp+gHwTq0C5w=,20170313,10,8,3,2,30,35,8828.27,2.93.78.109
rOQS2DBw0WUDgkN9TL4GZa8ywAxFXBRSZcayX5+P0jM=,20170313,3,2,0,0,184,48,43342.239,2.94.234.242
lu98G7V15phb62gi3OIKJwqxQCvVtl/vgX5wwPsDSDs=,20170313,0,1,1,0,48,50,11354.56,2.96.245.32
NSbAzwNi3kdcH0X1Y//cdI+EQ0DrRl9bqmgVn9PzGAg=,20170313,8,5,0,0,47,56,12254.686,2.96.78.241
cQOO95PlRVzFs85jVxWqW8OsHQEUCQQ4E4jkrWy4FIQ=,20170313,29,5,3,3,12,27,5012.815,2.97.127.42
VQIh2DYp8NPtom9hQOgona1pK7NVp7sdzxB8A5LccC4=,20170313,2,0,0,0,13,14,3261.973,2.98.23.42
0PiJ+o4/AR2sIE2jlOV6kElGqWvTygXhM9uUeeMj/EI=,20170312,0,0,0,1,260,229,37231.722,2.99.44.123
MdHNyYAEYHOcBpLk+Br5TxcixRc919XR4jWB2rcKGE4=,20170313,5,4,0,1,42,13,11877.686,4.16.11.230
ucM9D1oDTz12O4nWUG52h0DwfzRA+M9K5t3aymMvLOk=,20170313,8,1,1,0,6,15,1829.56,4.30.185.66
W7Jm0ctN6CGEbcElztbUZm+x3ELv8Hakkg7YrB/ujJg=,20170313,3,1,3,0,49,50,13218.14,4.31.98.194
BLEpS6L+LU90BFUEMX5A3P9ipc30zBeFEHppGl0kaXo=,20170313,13,4,6,6,24,39,9552.971,4.34.232.68
pPqWvqnGC8h3FV6370ZxYp7uXKK2b5cka2YtDJxxLJ4=,20170313,1,1,1,1,190,163,42843.44,4.79.123.0
6d2YGr6m75Uod6ouej0xxz6tTiLYy/qUrxAMoaaIjSQ=,20170303,54,5,4,6,159,178,41248.54,4.79.123.3
1k1xZnWMbJ0HzwhHeYds4Z79zfzhuc+O6/j6cnE1gLw=,20170303,13,1,3,4,33,47,9888.732,5.100.119.156
RHF1JWSrCOE34t96SUIdQR9Eow5Dcw4e5BBosgG7UaA=,20170314,46,8,1,0,33,71,10413.567,5.1.16.6
mrGRlRhQRyXl1M5g7enuM4DtEkjX5a+u6r/SN02fTSw=,20170314,1,0,0,1,12,10,2878.212,5.1.20.157
n2U5t2LtaprFNJ2nTZQeAMELJSrpSOQe51uowyjChuQ=,20170313,1,0,0,0,57,45,12608.335,5.1.20.207
D/eKGvNK5W77EnDHTJoop7o+4RJJDeaaI84PilYHuVU=,20170314,16,0,1,1,18,17,4963.467,5.1.31.24
UnmOE0Pmd0yDA/KldIBAm3szKjPnWOO7fervWUWVqN0=,20170314,1,0,0,0,11,10,2771.612,5.1.31.29
F0FPHMFLuhy/oGGw4uDY9nHrQfoNjl3RyQ640zVrwtE=,20170314,2,0,0,0,130,100,29724.429,5.102.6.224
JFKwmwOab4jauN2e9iOcjIHT3GdKtuTwLlWuS8ehfrc=,20170313,30,1,2,4,0,35,1334.467,5.105.130.189
/kNLmDzp6ATMw9eRm3MqiipQYDdYfgw9qwY8afEJSLk=,20170314,4,1,0,0,52,57,13721.678,5.105.141.37
y1idc3B0diYDQM2PzLIFUvPklYbutFU6B5CzXNV3yZc=,20170314,0,0,0,1,15,16,4090.301,5.107.125.179
Yk2z7xEB3ogM0g2asE7wKVIQgvJn24Ma3g19aJUEEGo=,20170314,4,1,2,0,69,56,16907.792,5.107.149.1
OCM8aEUCXIRoTTSG5ZAOeMZusBWvrotYM6lgTky0qJ8=,20170309,11,1,1,0,18,11,4697.438,5.107.154.18
B4ARbhnKGutNfWZrg78K5vs/NvqI6ZTBqY4ko8NkJdo=,20170309,0,0,0,0,35,32,7771.025,5.107.169.44
KDEFjr5rTTu8iHWOSLi3TSg+PXn5WkQlVH6jziPEdzo=,20170309,1,0,0,2,119,122,29097.241,5.108.129.204
D2QWoeL1I99EUYczFE02iY6LJUcP+8VRScgGAREJ5+Q=,20170309,0,0,1,0,299,222,74940.566,5.109.121.190
b50j64xQrk3S75xHZ46QKKfxD31SUBPwM5MK3jGzxoc=,20170309,25,0,1,3,34,51,8542.737,5.112.138.29
Eo57YgUQCda0ATvkTknWnK3+YVgf13PCqOFQnEGGTV4=,20170308,6,2,1,3,9,21,2843.901,5.113.169.6
vU/+Up1G0RJpiLK8+DnHkvLSW9PoypzrX0oF0nIy9Vg=,20170308,0,0,0,0,68,20,14677,5.114.191.205
31RlOfOQcl9+CWZUu0kCkc6IHl8u8H3ASzTVDGtt3oA=,20170309,22,3,2,4,31,36,9052.166,5.115.231.128
E8pHPB1x83EHm6wGaANuMP4cDWrDQ2kx8bJrKizRtRA=,20170302,7,3,0,0,3,13,1114.488,5.115.231.201
ci0fR8PUyU0cqnBGocZnH15GGEZs9HzvicQo3IDn5pc=,20170302,24,0,0,1,15,25,4465.965,5.116.247.157
6M042IhXYd6iEXg8CUByOuRByOWp9QPwEgOuWvtqrQ0=,20170302,1,0,2,1,34,34,9139.265,5.120.106.55
5yPXYa33q3ck/MmO+bYSJEbPH4G/VS72MufKlhPh1NY=,20170302,3,1,1,1,99,70,23595.923,5.120.174.30
6S5TGtuemvQnBTz4U1QDvl0FIi5ltm0BKwkKDBkryEg=,20170301,6,2,3,4,40,50,10801.252,5.120.239.238
oPOHhFcnspDq3V6NOkMCPDNjEqMMZi2EyUZp5eLmnSM=,20170308,0,0,0,0,37,37,9047.307,5.12.152.164
SIUDiAnbc2l23e7c92e3J6XlqRznrfdpk5ANWVwq/ZY=,20170308,7,4,1,0,41,52,11083.523,5.12.77.152
qEkW5e/d09Ib22nce5I8Wr8s/IlwWDi7y6GA4AWO/e8=,20170308,0,1,1,0,29,2,7725.885,5.121.189.200
a4Pn8MmeX/RbPFSBCOIZ/TZGGqXEMyXgNa1rJQFbZus=,20170308,2,3,0,0,180,33,42941.988,5.121.76.172
1qavlP03AGFPq2rjxNDHoLTMw1iXEGn3zR435Pc+URg=,20170308,31,3,0,0,0,34,445.173,5.122.183.10
/KWu/BaDa+0mbMGMFm7aJkCt0QlHgkRNS+nbPBKlElM=,20170307,0,0,0,0,64,53,15354,5.122.23.202
P/UoHASoAHS2ouKAMDYDmFFITTNwnjOyJZEOFGqSm88=,20170308,0,0,0,1,30,31,7753.89,5.122.237.90
vj0Z09xeF1vuSTPT87naC7DCQXRb8dc36KDsBwz33J4=,20170308,10,2,4,4,32,36,8673.032,5.122.242.37
quzK75hEtfqZ4Ao0iKobGGDPngvFsJOho5xQeTFI68o=,20170308,1,1,0,0,68,32,18075.509,5.124.84.18
OlF70yTbWfLURb1f1ZAWgHK/6lUvigO4pVTXcHxjq5o=,20170308,19,5,6,1,32,54,8546.536,5.127.23.252
GtyavgEnxdR9kcoi0jlZYWdttaN/PiWbj7Wifnd6Pgs=,20170308,0,0,0,0,137,34,35802.279,5.127.51.247
Sb2hWvldTKxmPVTl1Vu8TRSVNwhKDKt9WKQaBFLGiQU=,20170308,2,2,0,0,10,14,2762.723,5.128.207.251
HI2Mi0PPKGGdFY0flmA8jRfYOzcIsoyn4KY9M/EVy28=,20170308,3,2,0,2,45,52,10763.414,5.134.177.245
MWtxwgu5frXgcd13PzUv1bRKCtyJsqjxF9W0AowpdTs=,20170301,2,3,1,6,177,148,45566.919,5.135.193.212
rTCAHhfusXU64W6kaP8XsaX8WH0RnD1RWPxXCD1BBAA=,20170306,0,0,0,1,104,104,27024.037,5.135.210.2
eiYrO0n+hilHLwYqmCNKC6Z7OMrhPEHgimo4Y/myKhA=,20170306,3,5,5,0,9,20,3317.073,5.135.46.182
JfyR/pVlQFXqAeSvabMXC6bDWz3vQDyQ09Td2z0VG1M=,20170306,1,2,0,0,174,123,42112.343,5.141.192.215
92MZxmjATom0bQJfG56wvPxOCv0y5oBdwNXVESLckc8=,20170306,7,3,2,0,79,85,19798.526,5.142.157.197
awOgMEL7J43fRz8RdvCu8qishJEkVwr8CXLpOmLHS/4=,20170306,4,1,0,1,31,19,8047.147,5.142.99.233
PGXZvmS2izBIP1Zj6Emdl4gXTvfX9o59Z4GuPULg0rM=,20170305,4,1,0,1,61,58,15592.771,5.144.207.227
cbSbcZvCwraUnUdGbUKanc9t/sAW1RC1RBqvfAIIj0M=,20170305,14,11,5,3,124,136,29460.278,5.147.253.13
lY0uXqZTaPdBmeWJsfEXV3+Q+X4a8B4OEOvdXgy/BnE=,20170306,55,4,3,4,79,111,20413.039,5.148.15.234
t/TIUApRGEQRQ11hUQX+BvRHocKh5k5WOdYHZSw9+dk=,20170306,22,29,28,1,46,101,18885.128,5.148.22.58
tf5wU7t+fMDd/eXexoz7hxVTuTvTG1/zs0LBXli24xw=,20170306,15,0,2,1,24,31,6913.602,5.148.245.116
Ynsxsevg8depps9VEmwpzQsr7+F7NFaRHv9o8uualOc=,20170307,3,2,2,1,0,7,885.891,5.148.54.52
H945E0OSlua5rawy7sizmNaEf1PA7nnAaiVb/favC6c=,20170307,125,79,4,1,6,209,12384.872,5.149.17.42
+Z58pRMn+pvQKH7ahHrO64KDnTKENIZojxQUB+If2tM=,20170307,53,4,2,3,55,104,15823.643,5.150.199.46
j0UuBRHa9HsBdXjDqQULcVaZ5cP/at1gBIFItnl45R8=,20170307,14,1,0,1,50,24,12383.938,5.15.124.21
riE8SP1PrXU+3R/fZdV8BGzDOsXhl4hyADsPv7pJnmM=,20170331,9,2,0,0,4,15,1240.374,5.151.203.33
is/lGQgTahjW6wgp8iCQfcxfKoTVCp2g2oG8/GZGHDA=,20170331,15,0,1,2,78,82,20732.771,5.153.50.216
1+B2EXSQQMadKL3K37PrnpxPbi1+/+D9F75MuJHoPrA=,20170331,3,0,0,2,5,7,1531.336,5.155.139.88
f4lAxVsnlW3gS0bHTS+JUHmayH/fphDQcockoBxmfKc=,20170331,0,0,0,0,48,48,11571.979,5.156.232.1
TjQoVryWek7zAdS1o1R0DrppYhVQ5dD7LST+0l/7mJg=,20170331,2,0,0,0,11,13,2819.095,5.156.248.111
U8n5TnvKQrsXQInPIVE7R8Xkgc0dH6ZIECysLYFcTsM=,20170331,1,2,0,0,101,98,23396.876,5.156.38.94
PQfbyilFtNOc/6R+7tyEVulUq8nqC/0aZqU8PAlljag=,20170331,21,0,0,0,44,32,11844.413,5.156.6.30
DmY9y9LTv1MI1SSwyvEXouMJBiLvym5hOG8iN1R6mPE=,20170325,9,3,1,0,129,24,32088.77,5.157.14.137
sqf07kAuBS86TXJD/DDqN5rap8TK0U5FJ9frYIbj2LI=,20170325,5,2,0,0,17,22,4641.775,5.157.14.85
SFE/AE+ynz+ClhEQS07t+Dn+2uJQUBXtyw8e+HcIPwY=,20170325,0,0,1,0,79,13,15952.551,5.157.15.126
bBih7woDRCFpv+KxxNnITBJNXBECvpNDqAqRv48B3oQ=,20170325,14,4,6,3,54,69,14806.768,5.157.15.19
+YtF7FA5i09k//dLBgzIWkitaXv4u5GPv5SmtOrsCTA=,20170325,0,0,0,0,4,4,891.609,5.157.40.24
ZW5Gftgtdo47Mjz3pE8+jaRAS196hOf9l564TcsEHz4=,20170325,37,7,0,0,0,38,1879.301,5.158.232.111
3oPQx1eH3pzRgrtsUhe1AsM5A+WjmybLVzLmckp2x/E=,20170325,9,0,1,0,14,23,3381.686,5.160.223.32
gVBj03ayMSUV3fpC3wBKqd5V8RNAvI3jPRM8uSMoqw8=,20170318,0,0,0,0,27,25,6028.085,5.160.85.130
QKE3eW/OArgTUVDyW+V987dYX4rwWJ/Qk1M1a7lao4U=,20170318,28,7,3,0,37,70,10396.589,5.160.86.107
XI77El7llkSqL8XLbp26bc4Ngyb/y0MQ37ghp9ODbBc=,20170318,16,2,3,3,27,44,8115.209,5.162.15.56
zraYK27dg2odAmzM1z3r4DKqx/9X6P/O7f3VQbTF3zU=,20170318,9,0,1,0,22,26,5714.52,5.164.107.103
gk1CzBxEF/AehoxLC6CpXQgJfNq+NylXHoM8oGWh5No=,20170317,8,1,1,3,88,92,21807.405,5.164.219.38
Cr6Q+jk74zZig9ioWvZi8VyYUkYFazJYopNurZrzmZg=,20170318,45,8,6,9,32,80,11810.108,5.164.253.177
SuWICQLrFww/Vd/fpjjX+C8IvfgSt9mZvtOELRfyLQo=,20170318,8,1,0,0,19,27,4856.498,5.164.69.51
hQr3mdM9Noym1D8NhfKrTUVV5O4CKReFwYNEMI9XwjY=,20170318,0,0,0,0,10,10,2670.098,5.164.82.51
LvHI8MoeDOuG7d4wadbG+WQaRNBtGeC8DtCMiBge+rI=,20170318,24,5,8,0,40,45,10750.136,5.166.155.88
VSM+K64rnFGkySOBkbVGVaCVBog8yF/EJVPFHnJqK98=,20170318,5,0,0,0,24,26,5497.33,5.166.205.13
UBA/pTAZBdPfTWSqbxGDffuCQWaP9hoRMcAXu83g+fA=,20170318,1,1,1,0,13,15,3146.783,5.167.44.45
4p9wIGZ1gzESpGsR6XN1EcnFaHotdKoG2AD17uDAHdM=,20170318,9,0,0,0,20,25,5241.743,5.168.214.35
m0ViF/TzgCloZNVpqeT7+lmA4wMFevXwwiqMkbe1A5A=,20170318,0,0,0,1,59,60,15448.847,5.170.110.59
TWYIUDeVDOV8CiPPZa1oTij5C+NKbvVPao6PSEhAcvM=,20170318,0,0,0,0,43,43,10646.107,5.172.232.248
rJnOEvgMEydYX65J1VC9r0Qb/RYsdwavsnrBhXjoHmM=,20170317,0,0,0,1,21,18,5898.858,5.172.233.169
QvqRq/SXZ9KRV1QKRB4qzOeeHo93kb+0y30H3a1JCFU=,20170317,28,5,0,1,24,51,6909.902,5.175.111.54
cP6WhgN84yL9TMIN1SdhsXrA+JZxD0A6JHTT65JVjz8=,20170317,19,8,1,0,25,44,6107.625,5.175.83.20
lyAVrXfPNAJ8mtigtivNZtitgtJlwAEUeFwtqU28t8w=,20170317,17,4,1,2,24,29,7827.663,5.179.66.54
bq+ZCBD2qqzwiu9YMWItJIcOS4M+AOF09l69zr2KmXU=,20170317,0,0,0,0,201,112,46733.418,5.18.135.90
UatSd6+URuZdAIHxIDEBISzqmnNtHBsNE/RM4MzmplU=,20170316,0,1,0,0,8,8,2091.776,5.18.205.39
XRsbyOFUgjs9eEJd/A+Ks2c+gEdFUrJBC4PreSyXf/s=,20170317,1,0,0,1,124,72,27943.583,5.187.76.108
DuisKLCg2fRjJyl765SEJxREdW7J56nrzjxwRVptEJc=,20170311,0,0,2,0,76,35,17289.294,5.187.76.36
NTlMYAQuwE21OGnrqMeYTCKGyuwnmLnr9SVXDjm7VuE=,20170310,1,0,1,0,86,45,23235.221,5.189.11.67
wdyvo8fgPrOY1Lp/15J9zOv5YnR5HInpIsKIr5TsX1Y=,20170316,52,1,2,1,51,82,13004.061,5.189.130.119
pczIN4Rn3qd/wIwPclu3cGLIHbATJEQoGETqW6lHzxk=,20170316,3,1,1,0,31,27,8383.187,5.189.162.27
OMSSbVKNyAMsP6H+rCRiLHPtn3m/Jod0L1GlIIgS9KY=,20170311,6,0,5,3,67,73,18611.286,5.189.162.27
1y0wp/TZgIJNaFx1SdKhViPvU+I6eiFMqwQTxOMy9IA=,20170317,38,3,5,1,35,49,9497.533,5.189.162.27
p/EX5GxBZ0x3JE7zaYFAdyMKMKjfe8aivPOSzENw0Ak=,20170317,12,10,3,0,5,26,2993.307,5.19.1.179
37tCHQ7+1usX6zUUJ3GoXOTrEF+o/bx/JrH5Tf00pKs=,20170311,15,6,1,4,55,64,16042.868,5.19.1.89
XAdIfHl6bUNAL/xgUXLeWNj+i5VIQRWoqAs3oiSfYnQ=,20170312,1,1,0,2,36,39,9447.708,5.19.244.174
9qAm8jcWuWDHXX7ypWw/X2nNJ5C0bBYmpg2HBFSTVkQ=,20170311,15,6,3,2,185,163,45144.289,5.196.106.197
nXlWNAO39qs4Dn3HGfnIdbXFhuc1SOLV5KKc1KCkdJI=,20170311,5,1,0,1,63,62,17072.088,5.196.106.197
J6NNh2i25lJxUujIKEms1aPgKtw2gLni6GskWxxT5KY=,20170311,67,13,5,10,49,123,16888.995,5.196.106.197
+MAKVNz66NHflo5Xuz8upuIlPoColJE31QsID23TlqA=,20170312,5,6,2,5,28,33,9390.792,5.196.106.197
iZbCqckBCAZWUfVTifi6Co9rtbtiuPqPhDDkcS8kuyw=,20170311,6,1,2,2,24,19,6600.456,5.196.106.197
gsE+PnhhO5bejZSuEu0FW0a6G47tKXRkgo1U6s0iWuk=,20170312,1,0,0,1,97,99,24687.825,5.196.106.217
Lsq55Aqf5tOOHPIrLWX38w5gaAw23J3T6tK5bKvv+uc=,20170312,3,0,1,1,34,32,8491.657,5.197.217.2
jUx0VTB8LAWeQkY4X0InJ0IxUK3AoMoLIHYtdDAjTxM=,20170312,2,1,1,0,134,137,35379.505,5.199.179.180
52M2dIv7y92vDoE5ylMjMafRjFM6c1lwY0lVXrP9Q2A=,20170312,57,11,8,2,99,46,24050.905,5.199.212.173
oblFAemtlMVLQ2d/EblCqBXz/6xu1izyZfWWh5vlZUg=,20170312,16,7,4,9,243,217,64965.081,5.20.173.140
PeiGBjO0PUXBc91WoQb8TwjDIaEQ3gAUfIn1gnu/9iA=,20170312,81,13,8,9,64,139,21061.457,5.2.104.165
IVAmPk+NvI90fLJdxLWo6d0dBr6RVZnPZ/rLudR5aqE=,20170312,3,2,0,2,33,9,7708.088,5.2.64.123
HvF3jxKYlcwLsm8gyaHSFak+GG0rezgvHeZQl4Us4Ig=,20170325,34,7,2,3,66,89,14213.393,5.2.97.232
YOLGv20nSC3Yfy76xsrTflRBAJC/F02xiW6uLeL1Au4=,20170326,20,0,2,3,18,25,5483.575,5.202.111.101
7VlTatbL4orLEkof8NiFP9WARSJTefjARNnZU6ddMfo=,20170326,1,0,0,2,32,28,8019.44,5.202.130.61
peuhZ5C5KJOa9tOyuFBw9TGW/6xqXM4XyUUpcIYezlw=,20170326,68,5,1,10,549,229,128586.705,5.206.109.190
BFQMfOSsESnLArz/vCV/23aY/F71GWEwZ8NULGHDQEI=,20170326,3,1,2,3,73,76,19210.437,5.211.109.75
Zh8vyrghptmDEn29mtI5dO+Kwkz2XCIV+vMrHtdwGE0=,20170326,4,0,1,0,44,39,11042.756,5.218.142.215
pTSkEG7Py3NIys9RJZT1yeWVgfanvPpjwJHeJhLvsSs=,20170326,2,3,0,1,40,44,10258.783,5.222.130.253
+7fkjfbUGVU24RKkWKSw4kZK604nZtx8bPOsWCtH5FI=,20170326,13,1,2,0,26,31,10529.133,5.226.170.155
MWW83ZpkWjjpEzfC/sL5sFEcgOy+VdMOdppj1Hem9zo=,20170326,2,0,0,0,341,148,85226.455,5.226.170.185
3wHAujjIkH3NjLqod4dsGi5J7oyw0EVAApoD2JHDo84=,20170326,1,1,1,4,181,182,47677.082,5.226.170.189
ViumxzLgqLJeHZMXgFNc72c0olh3xzW84xSsNopE26U=,20170326,0,0,0,0,77,77,19801.433,5.226.170.192
qGA07Aasf3MyWBFPKPEKBslmuULU7wYDRXkkrEbiegM=,20170326,4,1,0,6,83,92,22180.71,5.226.170.207
23klZAEAoEb7gdJqbTqvgB/UzU2B1AKdlp4Hul9QhEc=,20170326,11,2,2,4,36,46,9719.917,5.226.174.239
GCNAi+phPMougjgB7PH4j29jwXLfoLio7/6vdBWAOzw=,20170325,1,0,0,0,35,25,9284.967,5.226.175.206
X416pxQN1wfAxOOyuQupROrcdQ2+TOq2oX+v9Ay+T4k=,20170323,0,0,1,0,12,11,3448.009,5.226.175.206
V1DN0DPeV8cor2jpI09uSYQmsb+yLn30/umsvM7eH54=,20170323,0,1,1,1,13,16,3752.154,5.226.175.206
v5d/eQy6jnwdhOSDuxe+5a0KKlB7KTLJRCDoYEwWZ84=,20170324,7,0,0,3,87,90,22915.148,5.226.175.206
iuqoDM0IwIpVlGeviSs2UX0RQHUyOceEAT1b8//WJ6o=,20170324,4,1,0,0,66,71,17357.556,5.226.175.219
djUGl+g+9OZub2lwT6yFivkWWHj+mwm1lboJs9aCFxE=,20170323,3,0,1,1,39,43,10335.649,5.226.175.219
v6B9gRlqSTLjflX9l7TcoXkH0sew/oilujnkg2ATN90=,20170324,2,2,0,0,22,20,5083.303,5.226.175.219
Ny6ulJmHd8ljYmRJ1Xx8OnH5Jpo96RgBLH1B1bdiLKQ=,20170324,5,1,3,3,87,66,22833.008,5.228.103.206
njt2gzuHCNyo4/SQXK9iL2nlRryOt2+UD9UZOYoIZy0=,20170322,35,7,3,2,2,43,2559.348,5.228.99.191
A9923p0/AXBPgFyj6NDQbxgXhsh2Z43ACqPvuMpzoKo=,20170323,4,0,0,0,14,18,3935.87,5.228.99.64
fJbB+sqoT4IjZf7PhUWdDhtSpD3p7+U1hDY/TfmlSGE=,20170323,1,1,0,1,38,23,10232.615,5.230.153.26
fW7nPLvGHZXzw1o5wcB2PWgLMqO6jpPSvqP3SLC4R/Q=,20170323,13,4,5,1,10,22,3885.2,5.230.153.26
I6I1YQmWZEaQYgKD39R3E0n8EUurbrdH0rgB+li+0AQ=,20170324,1,0,1,0,135,134,33968.116,5.230.153.89
fXiH2n5+BIKI3o2Lr7vJMCcEyCnULddTBK9Nc8ov3Q8=,20170323,4,0,0,3,5,12,2011.655,5.230.154.103
st/Ltufn9R7z+4saCpista7NTVmt3attcdlDCqMFgOQ=,20170323,3,1,0,2,87,69,22679.869,5.230.154.113
QN0A3H0V6My7VaBwdOiALe+DYOa8KXGKh7kAl1cU5o4=,20170321,1,0,1,1,152,37,33762.68,5.230.154.209
LkGXh81IR9+/YQvJDIoNsQcFdbYie64l3jHCb6d8Vew=,20170322,1,3,1,1,57,59,15195.235,5.230.154.209
2YsL3+3n+2G5dMuDIRlZeDUchNsXDbEbP5RTkX1+G2A=,20170324,0,0,0,0,114,59,26740.758,5.230.154.46
m/AcMRECFf4V1CC+NKcQNC0IWKEWXLxKy2Kw4K4TTDM=,20170324,2,0,2,0,7,10,1879.288,5.231.237.231
2dyKiDL1ceImDnoEjzxIDYsgz9TD9IeB+wIhwPQuUOI=,20170324,96,9,6,10,176,81,44593.917,5.231.237.240
ilpqgILUB29EHFA5L4E7YqLQ0shtSiejv51CqWOKQ4o=,20170324,21,2,1,2,10,33,3242.369,5.235.240.15
hWfyz6xMVAeG3MTN7yxMkUr4ea3ArRXLBbFLNpAY2Po=,20170323,3,6,1,1,13,19,4236.592,5.239.102.120
6y8iDnVU+HF9gWeIuIHDzhvHD/LSl3Ift5dRQYEyE1g=,20170323,0,0,1,0,122,116,33112.644,5.245.237.84
9v6zagCoK4A+0Q2PLfsmHLhKtri7hCIrMqcrd9iknVU=,20170324,10,5,1,3,32,40,9106.205,5.248.165.0
SFCSRIBIXSBqBhywtnLptjC5kjOi850J7qStBSH2FEI=,20170323,2,0,0,1,84,54,20012.387,5.248.168.7
zWvILX1ciSowmHiPS9C6xjvSJrcjTqHBisRWUGCcjBw=,20170323,9,3,2,1,20,25,5654.31,5.248.217.203
V5h7bx0yyZ5albDu+1Wb7veJXbzn/Qbv0obuom7vuac=,20170323,11,5,1,0,53,64,13486.284,5.248.233.206
uYfZYBLdPPv6naQF3gHMND4AP9uBiOyrD/TAOUu2Cc0=,20170323,0,1,1,0,129,131,30003.683,5.248.233.206
HXEkgZdlqFsG/KGxYA2Thoun6E9ZO3aXUR/rXw6f20E=,20170321,87,9,3,2,138,162,37612.249,5.249.26.221
+Wp/i5K8vHt1Di3lAreieL9ye8zbwK2sG811Jxc+KzI=,20170321,0,1,0,0,30,31,8038.948,5.250.209.245
Ob0lPpzYDjKL5S8wivFhg4qW/AWUXnLFN/l8VgEEJLE=,20170321,36,4,4,5,33,40,9630.167,5.254.65.19
M3wUQI8h2YrHEDYY1w+vi8AMyLmkybZGaW+Rd0mPzyw=,20170321,19,5,3,4,159,184,39579.353,5.254.65.21
YRFGoRHLYvwTXkahLfhmZvfhfSSmRpQQPPMJlbT9U6U=,20170309,2,1,1,0,138,139,35963.849,5.254.97.105
Gp3SWcrXtredYlYNhIjjrOOhTI5AyCSPig9W9ayQWDI=,20170310,10,1,1,2,27,38,7448.299,5.255.253.5
vANKpE9jdOfHIUn6ZtAXRAaYuC6+4CeHqRQ/SC9Z+MA=,20170310,2,1,0,1,100,91,24594.249,5.255.75.76
p68DAE/y71X4jzS58ALollAzEuZrCelnZAW0WaQX1ss=,20170310,2,1,0,0,12,12,2767.051,5.255.77.129
Rscsaf/KimXyQqZ5AKXOsJalv2HGtpu+pihkB0a6oy4=,20170321,2,0,2,0,17,21,4338.591,5.255.77.129
L4RH60TTNza9+jNrrBDG4IdXR0k127dmgDimQurenP8=,20170321,16,0,1,0,46,42,10837.021,5.255.77.53
ckZlwEdtlfISGyLr/G7AOLmNjDkCDmCe+7Gn2Knf14U=,20170321,3,0,0,0,160,134,38141.594,5.255.81.90
iFCVCNviMM5TFLWjDME4ZpJ0OJPHJXZtd4mL3LFQ5I8=,20170310,13,6,1,0,23,34,6051.766,5.255.91.73
prNJVKi+LzUPvF81L8SOcT7dcnhKid2hY322apLkCb4=,20170310,0,0,0,0,7,7,1828.535,5.30.111.206
SWeWAl/aiYcfcc6QMsKD2A31LRFPG9kFOBKfgwSHHv8=,20170310,10,3,3,1,24,31,6905.749,5.30.72.67
LFoB16AYmK7ygUS6498in29gc0gaPmMuNAyDLzTEjGg=,20170310,32,3,1,1,51,66,13173.614,5.3.157.46
fWZb4QMjBcTheNzl/COcJIYmb+Uss+FSc2OluOSaFn4=,20170321,5,1,1,2,147,39,35919.731,5.3.199.236
tFef2u2SO66exUmJkxqmqV9ehrjjKDrqr+6l2IKP+gE=,20170321,1,0,0,20,133,150,32971.824,5.3.199.237
Da1JGkzUTxdxxF+aafPzjYyKB2vm967bl+aDu6QC18U=,20170310,17,2,3,7,67,85,16528.632,5.3.201.108
Lz6tvV8T78GoW23wbWbmcD6qfeeTWHD24d9hjB0bmKE=,20170310,0,0,1,0,5,6,1312.03,5.3.206.72
wf6AJYNTWi8rL0dLuKdq89btLyCW1qiZ8xhHv3lx/dY=,20170320,17,4,5,3,76,79,18580.942,5.3.206.79
ASrdOysIDw19vORyt+qKtxy7/FvIJi40wAfFV5rDmu8=,20170319,29,3,2,3,99,125,26856.303,5.3.210.81
ZIThPCdbFdxx0T+qKaAnQprzkTcoMTJL66Of3nlFGLA=,20170330,4,0,3,0,113,65,25572.714,5.32.124.146
8JN3ReI0EsWUuYbjW6Ual8NQ1ubnzkbsIjD963FhSuY=,20170330,0,0,0,0,15,1,2955,5.32.72.140
/TgOoNRmlI6PNbQ77ZLdgI1wJZOh/R9nYU2nmGe1XSk=,20170329,1,0,0,2,89,44,24120.196,5.34.240.104
b5SHEyxbO+tizqpHM2n6BRlPWDD2n1Z+Io2shMU63hM=,20170330,14,1,0,0,87,56,23249.629,5.34.240.159
YiBUBbVWiXhHCdzweap8wVCZO0hj1Kpf3T1gyZKAv6M=,20170330,5,1,1,0,62,65,13560.8,5.34.240.190
sZu9M/WDqDDb0TWgLricQY2IcciPt+3Am/xEB4C9/Bw=,20170330,0,0,0,0,13,13,3221.24,5.34.241.115
xh6f1VSkpe5ViYxJgPuOMMGxcUdY++56fIWdhq4gZdw=,20170330,17,1,0,0,18,36,4616.612,5.34.241.158
1gjFJoaJWTMKlAEbiLUqXbAMZF9FoiFuKBUVH/nD5II=,20170330,6,1,0,0,112,63,27446.362,5.34.241.218
IX7TXEJJck3LLWyCgSuMrnDHnMv6orE91T4QPAMZuDo=,20170330,3,2,1,0,2,6,1002.382,5.34.241.86
aEpBwJNeALNKo1S4DoqprQgLEltvkH2Wr+wnp+VQAUs=,20170330,3,0,0,0,136,100,29761.971,5.34.243.179
KA5dMRsM07XXxKpfhxTlwV1yfBr6YTYTeG1/HoHT2oE=,20170329,13,40,7,3,52,85,18043.027,5.34.243.214
Fz53NBCPEh5E+kOw5bP0vWFvLwTFMh1VM8dBC/wRLec=,20170330,3,1,0,0,15,13,3672.793,5.34.246.101
OcBDZ6nUA/luqC8OlO4NsVutk5YLVYQYE2msBUv2NPk=,20170328,34,41,3,3,9,76,7068.595,5.34.246.24
XdGx/omGpOBeiatAJEwLOEKszbIyVKjbq5qqHGXB+d8=,20170329,0,0,0,0,10,10,2119,5.34.246.49
ZMls0cO4c1ysyl8hGldxctXhebaW4LR0qAURwC3On4U=,20170329,0,0,0,0,63,62,14891.298,5.34.67.195
qKNyKJ9PDzIp9s/T1J601aSDNKWUyZxkY122BBv2x2A=,20170329,10,3,6,10,52,70,17218.741,5.35.25.223
q1TTdjqJrsDA7+lzWXK7MAht4ANEtVzaKOD53L+oJcc=,20170303,23,5,1,2,110,111,30092.987,5.39.26.118
3imaeToRXIq3qfWjlnTU11b2pWwwMexqXE/e/TyHwVA=,20170304,1,1,0,1,15,17,3976.432,5.39.74.118
2mwwrgglhPoI4FXiaHSJ/bmVxbUqRCNlzo979NtZcT0=,20170304,0,0,0,0,14,14,3688,5.41.158.119
GuGh263oTQPFiWoyj4t/04vrjECZnLU1fjuu7uiUR1E=,20170304,0,0,0,0,121,118,30562.845,5.41.48.152
Kf95JjubWZSTZlioC3XaVNK9ioK4o4XNg/hfRJP/BAA=,20170329,4,1,2,1,160,103,36144.699,5.43.1.227
jRJXIAxPtU9I7hyL92SaypsIxdt1AO2tLAjm8wGAGrI=,20170328,3,3,1,3,40,25,10249.231,5.44.168.16
pJE/9RbeF4TRN05JesJIPaelQo9n0h4/WrapPn+PhmA=,20170304,2,0,0,0,9,10,2288.658,5.44.172.113
9dwKnGyiNdxFROg0w1WnUvFAFTnhBZcspAwkSyCvDXo=,20170304,0,0,0,1,97,48,26086.26,5.44.172.22
Viz0928QJn9URo7OrJBt6+ra0v/6XSsYW2rj4TchK9c=,20170331,20,5,2,3,55,63,15745.32,5.44.174.1
CvGE7i4Ps0++vH8rs6NYtUYlEfQZIuVv60d5vGpzk7M=,20170331,14,0,4,3,21,10,7520.053,5.44.38.68
EroNTg1TGgRO1U2gvT77doIpo0xbNJqOIOkG/gaRko8=,20170330,3,0,0,3,42,47,12577.412,5.44.39.153
kg5KIl+iK45X66PFBNlLee5YjK4Yp5/Ktp9O7R+GIMI=,20170331,8,0,2,1,160,127,37582.694,5.44.39.177
Q8HUVa4mZhPiYCMWd5II7PSLBG/G4pZo7izc0238vWA=,20170331,60,10,0,10,56,115,17617.295,5.44.39.5
YlDkV+3AX4m7c/iJGLcN37/G8tZPqIyYbAa7TIBpKaQ=,20170331,7,1,0,1,30,24,7308.029,5.46.135.117
+AaMV427nWPo5+ONghVcsZCW3AATir6NCWiYFnLaWkE=,20170331,3,0,0,1,7,11,2039.237,5.46.171.233
XYRddYE4JWIg3fucrj2JvOMdQd+WY534YLjovF+ccfs=,20170331,3,2,2,1,103,87,26202.476,5.46.210.221
bhljsT1U9q0ILvTvsdkC10I2AE3WTQEiaWX1249ebH4=,20170331,2,0,1,0,70,72,15675.308,5.46.226.59
oLNtGkOBTWJ9AXWmOZLShiUYHEp0V1UpL6U+7lasJpw=,20170324,11,2,0,2,15,23,4798.332,5.46.29.123
MqWa8ywd/iaunyG0AFX9m+ZhzxJPyVEg+tYMozMosV4=,20170325,4,0,3,0,35,40,10238.34,5.46.39.32
Ky0XGZjkMAiBiKrHV+1E33rZK/AuybyvlX5dJR9w9C8=,20170325,7,5,2,1,66,68,17901.938,5.46.6.8
774agYJ7H0ftgVgEcdNjZQrvXrAOIZ1eMf4G42xKEPc=,20170325,4,6,1,0,35,29,8541.581,5.47.139.149
iZwW6qmESwJ8sy8XrCT2s4+/TUf1LrAEyQFutHUWvV4=,20170324,2,0,1,2,31,30,7937.084,5.47.141.111
m3ucjWLuK4dK3+XHtYpOW4t5YkZ2GYBoKir96QUYGPc=,20170325,27,5,5,3,73,75,17643.222,5.47.169.155
pEVpvyxeZftQF2/p4vwAz0wbdsyoBMfkYvDjj2kDsHY=,20170324,14,5,0,1,39,20,11696.248,5.47.242.35
96plryORG9iUQH2TFL86p3cuPNW83ZyeAkj9i8BAWyo=,20170325,10,2,5,0,115,100,28090.167,5.50.73.13
mG+C0tGlWvVAxaSk8y+9GfNmK5GpceCqoiB+Haik8OA=,20170325,9,1,1,2,72,78,19024.132,5.53.200.28
GmqtgYg7PIOcZY80dA7v3sXHvmKpgyre7X5IAeF9OZk=,20170325,1,2,0,2,81,84,21194.398,5.58.10.202
7zuOfRAZsm5iYUH1AyoN3Dyxefh3MPswyf+we0zTAzo=,20170325,0,0,0,0,36,35,9263.341,5.58.31.53
fO8GvaOB9O5+Xny+Z3yKjPS1PEdQjno9PXAB0aHfj0s=,20170325,3,3,1,0,55,19,14635.093,5.62.1.21
HOvF2uqoY0o/Kgl9xQ0bRm8mYWd6AIv4CRaeiul2AA4=,20170325,8,2,4,1,13,26,4343.817,5.62.4.47
1eKPFOKw0Rd7iog91GzTojXPny94iSAIAPGECcZxyw8=,20170325,0,0,1,0,27,25,6475.92,5.64.24.55
aHBC7gwJzXlTo1pA5RrOHtyQ2igIHdx5Fyt178TgoIw=,20170325,10,2,4,3,64,66,16934.197,5.65.114.38
jZK+bOl4q/V8S1Kw4IX95DvBmJPWWQFOM2+OyUqvP8g=,20170325,22,6,2,4,127,52,26839.663,5.65.3.79
0QbK3+Q0DCutGceaj9TzxuH5zTUrFWBi0Raff+ZHddU=,20170325,8,1,1,30,138,173,39020.019,5.66.196.153
Fcb36Wdg2oGJACntpl9ghPjrOyOGt1msyIZ4yw+Jc7A=,20170319,20,3,0,5,81,50,21096.843,5.66.197.102
Ccuxlrp/C9so+7GwPK1YGGQ/TigORYkRXgkPwY+s6Xc=,20170318,12,1,1,0,22,32,5607.085,5.67.221.16
1fRQhrv+ravGilgMuvXElwkUwz9SZulMK1aNJWxjqQk=,20170319,12,1,2,2,36,41,9786.737,5.68.101.243
NaR6yAvwckJSUNFpsdTzqJoby9a07M2kdlM5L5W4ujE=,20170319,5,4,3,1,0,13,998.426,5.69.151.121
jYyinqumLje/O/qgEapoQ2rqVihGU0fsN7d+jsZbz6A=,20170318,9,3,4,6,76,56,20823.673,5.70.210.73
ob2n9zH7+Qr6rFhyvRNx9vH31ssYXRgOiy00QmrQKhc=,20170318,0,0,1,2,49,51,12391.567,5.70.79.255
TXZstQG1+V/t4JBOLTqa2cmG31d/j+/87tnFWOGwXPY=,20170319,25,6,1,1,60,89,17373.229,5.71.190.187
XluKy+Mjtztxnc0cek6tR0HjZLhsvDgjCMeS9WTcKjc=,20170319,1,2,1,1,99,100,25315.587,5.71.30.93
p01PY7y25K4j1SbYlTejgJQN3seNc5J8KPk32C6I+Yc=,20170319,10,3,1,1,37,45,10281.954,5.71.86.12
wGQ0XnJrNeNo5QxJ5x0KJv0aUvJ1qgA7SVP6TThApxQ=,20170319,2,0,2,0,27,25,7176.724,5.73.55.97
Qj3AWvkGB6uUn3PVZO+4aLHkbByp0X5x/vKZyhcOo9Y=,20170319,1,1,0,0,149,150,34036.547,5.76.147.214
MxtMmOyJ9l4uIKurY8Gu0lhotce9/rdq0Brz4ZgWoCY=,20170318,23,5,6,2,20,49,6816.552,5.76.50.42
dFlmzmXjio4e+ADRLqLL0ORIzneF7V1CMEHXs+eXeE8=,20170311,3,0,1,7,65,43,9131.707,5.78.152.33
rbXT+q6iGNlNXqMmRkWBRVeei9bT8AUq9w3W6o3vjV8=,20170310,2,0,2,0,9,13,2338.62,5.78.220.130
PT8DlIhujamFJjLxJzEhjaMhvm2VV5JL0vWzqXOQptg=,20170311,3,4,1,0,65,67,16762.781,5.80.131.90
OhKXGXin97tAHQQHriaA6C+OcJeFwHFDmxIJDzI3jKw=,20170316,7,3,5,2,72,84,20389.271,5.80.206.180
gpxrNke7uNeYbTvyYmZ+k3UH0MKByZZyb2GmEIJ5sjg=,20170317,4,3,3,2,38,48,10690.233,5.80.233.220
+dFkZsy6tvtwaQh9TnqDZYbQz+s5/wOSAmLtBSxgJGQ=,20170310,4,1,1,0,48,50,11587.606,5.80.43.81
EZhWH0nVuSlkZJKoFQ3h9Cy4FcAdZ+iIrJLfbZ89WlU=,20170311,19,2,1,2,27,45,7504.186,5.80.82.77
wySDg4tVtH49UiQKFa54sLHHWWROCaDqcnbYcHcvBo8=,20170311,11,0,1,2,95,95,23701.027,5.8.201.169
3kZDaij3+NY+njqQT/4mTHToFbGzpaQ/30gv3b9Bvfw=,20170311,9,2,1,3,93,66,25037.139,5.82.118.162
KBuWswtb9xWJyaGGG+jwsrpxQAyDZs2Nl+fCinDD2rk=,20170311,1,0,0,1,97,98,24093.472,5.90.102.144
MJKelsGRital0QiO853xWyyNzHckxnpKbeIOl7IcV0U=,20170317,0,0,0,0,183,127,40383.804,5.90.4.4
/CUJrW78uG98muqjai237YvgWC/646JKYZTcnyrn2xo=,20170317,2,2,2,0,29,35,7549.225,5.90.6.80
5CL9mbi/7oHp/vtNqtunbjXNQtyLculLhy/gpbkq9rk=,20170311,18,2,3,2,21,32,6286.519,5.90.73.220
AWPtWKzHIfUQliiOVOYOZ+rjzMEHRRTe2XU6RKPeKgE=,20170310,46,37,11,5,18,99,12278.047,5.9.106.81
Kuf/igHwQy0hqxyMyBl7U+uxaoWDE7fBpgEN8/nvobU=,20170312,1,0,2,0,243,122,58326.465,5.9.106.81
qTiThhJbI+qp5uUhEAUCo/3x2W56iaeEg7lryGI2NwU=,20170312,2,0,0,0,2,4,435.147,5.9.112.6
QFwN75q2XN002jcllB6kEDA0bYqqkb2l5N/MdnGUxBM=,20170312,23,2,1,1,16,40,4748.631,5.9.112.6
8ZXHztwJXCeVR0NqqgjdoO6oCbiJ09vvkq1HrCFnXis=,20170311,26,11,7,6,12,57,7621.724,5.9.112.6
1+AzptzLCujhE4dGAyXWe5mlDHn+NLdEQahkBcCVUvw=,20170312,2,1,3,2,116,109,29424.393,5.9.112.6
2obyyRvA+VjLzf4E5Zdf4DBoJ2lxM+DLDBaqDaTL+Gc=,20170312,22,5,1,3,139,169,35968.107,5.9.112.6
1tgBOPW8nR5yEDQ4Wh75JRNxVTtozwQ9RQgnmx2VPB8=,20170312,0,0,0,0,14,11,3394.909,5.9.112.6
Q8vZYi6wu0y5xKxNtAYFaxcSJIT5btylsSimtOrpetY=,20170326,2,0,5,1,175,96,45638.339,5.9.112.6
7iLXvYmR/Cv+j9Ut9XjHVVhSgLrx0R6GZpK0TARQROc=,20170325,9,0,1,0,13,23,3536.087,5.9.112.6
Z2Qe2ICYZeAf4TioBR3d+SaQvYqjFQzGcrWxdSDVHcE=,20170326,23,7,5,7,82,117,23752.389,5.9.112.6
jh5kzIBBC08MzHTEdiKs7v+EUYJEQvGc8cD4hNeriFQ=,20170326,9,6,3,0,49,29,14877.251,5.9.112.6
k1Nh9h4E1A5vDLAz7vZNpv2eCgdYVyny8pYSmt7yg4c=,20170321,1,0,0,0,31,29,7506.15,5.9.112.6
l9y7DvPxGvlIHYXF3E6hSx0eJdIGqca+voApSzj7nn4=,20170322,26,1,2,5,40,66,13936.336,5.9.112.6
4m2xA2T6FK7l6FesKZkg+EPRC2nvmx8vD4uToqMAgMs=,20170322,4,2,0,1,33,35,8993.942,5.9.112.6
894raKQL0bYFxMGCLVESvWoPyH7/gNCl3+IElWxPQok=,20170321,13,2,0,1,5,20,1791.656,5.9.145.132
EXPKYIIfgjW8g3RIV3wPY5CkHIgI//o87jZ7R8Rb5nE=,20170322,2,0,0,6,17,25,5907.565,5.9.145.132
6JhuctNreJE+Yta2q2aHVC6f9vbKDucobELELL4EBIo=,20170322,9,2,1,2,47,49,12885.858,5.9.145.132
vob8YbMDwXNQcaG5inQJlDzZa1ZtFyU90BzQu1UsuWE=,20170321,1,1,0,2,10,13,2958.783,5.9.145.132
UyICnsjeqk0MarXOSuICwAMeAS1R+95FCYmv+8T0aSc=,20170322,1,0,0,0,24,25,5269.155,5.9.145.132
aoZ9eVxtZlgF1FZ0LXv0Bx50N8kX4o0TJijXzh86r9Q=,20170322,0,0,0,0,87,86,23675,5.9.145.132
lOPBoHWOOSIeNAtMoTp4K6/foKbaiowgHrfkJPC0zx0=,20170322,23,3,4,4,44,66,12403.637,5.9.145.132
DPCVOcbwdh9Z/V55nTlkeY9hdokYE8GdQM/Vv7atJmQ=,20170323,0,0,0,0,36,31,9156.155,5.9.145.132
EJZcRh/qRwMVgV3Vy20Sl8hjv4RPRW2XRWvFDTAHJk8=,20170322,15,1,1,5,67,65,17018.083,5.9.145.132
RcgvubbPY/3QnG6NOrdh4eKP8RiWxeN07Qg41tQDYe8=,20170322,0,0,0,1,119,117,29810.69,5.9.145.132
QV8PONS8gBwxg2fZZPQPNcxf7a4gTskXbwRHt7gsYMQ=,20170323,1,0,0,0,48,49,11594.471,5.9.145.132
KMfTA1A8f9BtPTl0smoDof1KeAidHeNKwvB6vL0IaCY=,20170323,5,0,0,1,58,40,14423.167,5.9.145.132
f7PjYpYVG6PzAk44wsxFssL2d/dbC3OY117o/zTIkPg=,20170323,4,0,0,1,69,71,17510.28,5.9.145.132
jrr//6HUKV762RUIvwCclwEnoFKU1fvevFU4RG7ibKA=,20170323,53,24,11,6,37,121,13687.074,5.9.145.132
h5VYPS3Xz0mCGr1SxGJzxp2DL81tdZkKlI1WytV+DG4=,20170323,1,1,0,0,15,17,3609.656,5.9.145.132
vAicBY5q51Wqp9SsVhSm1Soz7ylztFsIJWq6SMBr57k=,20170323,11,0,3,0,24,38,5465.246,5.9.145.132
CAOs4iZu5m6+hKV2t3CGZefOO9HuIgklpTCTJVQJKyc=,20170322,18,9,9,3,49,78,16236.534,5.9.145.132
6Z9C4bDh8lPEcOr1I5kMfuSXBvMSVqqyc44V6FwXvFM=,20170322,5,1,1,0,7,14,1859.634,5.9.17.118
fyAuMh40S7lfvOQUbv3Ai/LsyFy/RsHVP05gcaJhcpI=,20170323,3,0,0,0,25,28,6332.475,5.9.17.118
hrGqoyQbTFQEi/diuOk7CFN226oZkhDLvCkcZZvcs2A=,20170323,44,6,12,5,147,166,35449.08,5.9.17.118
vEe+isEPY/nrMVoz0Korg4Vq3u4Cnfd04Lg7MSXOfUg=,20170323,2,0,0,0,109,86,26212.093,5.9.17.118
DuMiPU0olfwu4yc88rxK5MYAMcyRA3tu4RTZiYQkQdo=,20170324,22,3,4,2,24,44,7764.082,5.9.17.118
w70lvwyf1yQrMQ4NPTp2sio+JikusrQqf8MlqsqMlyE=,20170310,3,0,0,1,148,144,36924.892,5.9.17.118
l/kg6twewTzQa2KIR7ofNop92vfthO6MLGuRY+Afrqw=,20170310,4,0,1,0,50,52,12369.967,5.9.17.118
mA/wJopP5ztYlNS71FhgZfD+a/A+CVPooP46wBD52Ik=,20170321,13,1,1,4,88,79,20773.859,5.9.17.118
NGV/GyYjoUb8GD/yceoVduNMAQciIqgWCuMppbyCWBM=,20170310,0,0,0,0,180,121,36014.667,5.9.17.118
gKtWiuZCr1erZ1GKXy9xL6qctocCtAy+wXb4GylTm5Y=,20170321,19,19,11,4,2,48,4493.307,5.9.17.118
v2jW1ebOA9EokVoAakE89Mpn7yMJlbP3Gsu6bSC4WyQ=,20170309,16,6,2,6,22,49,7720.649,5.9.17.118
xeukZqbXksXLng4aCmCwVjyJ85rM+/2MFl1HmoiDBqs=,20170310,6,0,0,3,29,33,7008.284,5.9.17.118
/MPMqzXaqEA6jqHCpH5Ck7eOjM7Vo8qDz+wQjYypxT4=,20170321,2,1,1,1,26,28,6451.092,5.9.17.118
zIDfgPcOP/Hr5ivGuiKKX9tzqyKuaYu9tj8t9LWL1j0=,20170321,13,1,3,5,34,38,10832.18,5.9.17.118
uRZqKPN0JYDnDHyJ0fTeH35Fc2QfDPasa31IFEbP7mk=,20170310,2,2,0,0,25,28,6764.32,5.9.17.118
QTTk29jIdXnR+PZTLURzSWIu/oJJC3wnz+4mhHrIFfs=,20170310,4,0,1,2,23,26,6311.148,5.9.17.118
YMoEb1arIEyA25ziePszSLaB7IpIsp0thQ7S6wP3oaY=,20170309,0,0,0,0,17,17,4427.774,5.9.17.118
IfJTll50Hwg6+37s4Zqk09AisvC9bhqUr/u9vSpafuI=,20170320,1,0,0,0,47,47,10771.679,5.9.191.59
D2zWAV8GkNQofzWSdfqzeLLmAk1zrEEH9AiisraKOiY=,20170320,17,4,2,2,47,62,13266.383,5.9.21.177
uCYfgTBFPKSe+/gtSxjx0wJ9JKqpwPLBvHoVrw/oN90=,20170320,22,11,4,2,63,87,17202.845,5.9.28.41
TbB7PXQA7XTY3soF5Lxg84iZb2J+X4NY6xQ0RWXLrQs=,20170320,13,0,0,0,78,77,18291.749,5.9.65.22
PXYG4czGx+iY8XOHWl2zYT9u+kV2oO57NOUEVIVvEE0=,20170320,1,1,0,3,99,80,22153.762,5.9.94.207
vMLzWVYvS6jQU8bfi0O5Yj5MTSVB50YORVAytgy9Rh8=,20170320,31,5,1,3,16,54,5143.991,5.9.94.207
JkWzaF7k07kWHi7B08VeAOYgDq/j8MF7i5UX/JqOZJM=,20170320,13,4,3,9,91,93,24352.397,5.9.94.207
s+ALXVHG2H3dY4EnSVSKms46kvt1adTf4KeQezgEaQM=,20170330,5,0,0,1,17,21,4387.893,5.9.94.207
CJkNjxO6yTywLRA4uUf4t3m0L6QCNPtlFLVoxHOtcnk=,20170329,0,0,0,0,24,20,5363.02,5.9.94.207
XxHf6akVkv4cGeqcVSXXz0fF2C0m0/aBli3HqVzMK4A=,20170329,8,2,0,2,7,15,2470.033,5.9.94.207
AiIC0GOrXfsSBr4CZZTpE8wa39kjNGVj2HB/l5PWRTY=,20170330,9,1,3,2,83,91,22267.299,5.9.94.207
d7HiPSId0zhpHF4YpGBLNlOSy9YyCuiBT20GiHLgIs0=,20170329,7,0,3,3,67,63,18517.925,5.9.94.207
pfr4+FMtFZrAzSPcXIMTIVsD53+hAK6WXojhXBBo5Ng=,20170328,10,4,3,1,13,28,4853.26,5.9.94.207
uSZSmiSkBkIMCHtzpHPQFp4xv5+uhF8QSHV4uWK4Nv0=,20170329,0,0,0,0,118,118,29890,5.9.94.207
e4rLYNwMH6A5cl00C1CjnvSxgtAF12H9R/9Ih3LEM5I=,20170304,1,1,1,0,55,57,13541.084,5.9.94.207
iFLAHIC8pMal3f+Mwn7kNvi4uJzwDkxhlEJYNCPh690=,20170328,2,1,1,2,134,140,35586.579,5.9.94.207
LnO08MtiS85aMGD9BFo+47cEMt+FpBWRhsYNjOcqZhU=,20170329,3,1,1,0,8,13,2026.106,5.9.94.207
3s9wxmlnXxdW/ZCkOsco4lnHdrcE+eIIiUCfN34Tias=,20170329,1,1,0,0,90,92,23264.912,5.94.230.67
pYZb23WFYHF+Y+ivT8rn61aNSQHDf14gEDVyb7az1Bk=,20170329,1,4,0,2,20,26,5805.56,5.97.213.66
IViTmAvLpf367LGbk/tnUGunmi7fkFmZLwinA0Kd1UY=,20170329,8,1,0,3,52,64,8365.75,8.12.245.15
g2g4sfCj0nPcZKXg4jwmH//SJH8NNGpGl0iuPnOweBY=,20170329,6,1,0,0,20,21,5140.906,8.18.218.141
BcMtuT2Xe9C+05QNssgL1pBPdgZ0iO0aV08NzM7uOWs=,20170304,6,1,0,0,13,19,3323.318,8.18.2.254
YFeoQmBUJsK1v76nBC1Svpu1Kr3dUPPAssrqGrB0gsA=,20170304,13,5,6,3,15,32,6280.001,8.21.198.128
9uT4kWE3RGmHc1lQtj5aaORQoXu1a770Fsqgm4jPy8U=,20170305,3,0,0,0,6,7,1613.493,8.25.28.16
T5MPnN/MPiclmwAOzQhpRhOLp4UrfrdXliROMBg3dx0=,20170305,8,0,2,3,88,91,22412.461,8.27.177.130
ABeQYoLnO1Hr3U/vuKPwWp4ULJByx/gTHdM1zBOCoOQ=,20170305,4,0,0,0,37,40,9704.073,8.29.127.23
m/kleCdxv2zeiRc1zbHKOBj16z+PrvWgX0DJdKvuhb0=,20170305,74,3,1,4,68,135,18650.325,8.36.224.147
Fy0eg19ZwhdfE2TO2TrKC0pPzyYtb5XXzex5mjXuuHM=,20170305,13,4,0,0,18,31,4585.864,8.37.225.102
8fqDZrS2sBVKSxuZkmjzSASjrE6lXNPiQxVbWK2+y3o=,20170305,0,0,0,0,60,60,13295.902,8.37.225.106
uWKt/OaMuAaWrKOoGT9uDoBVyLYbPIECozIhK9x4DeM=,20170305,10,5,9,3,22,39,8239.551,8.37.225.107
1i5cOfTH++H9C4cOAuo5wmNqC92anWPrJq/gebAUlt0=,20170305,4,1,2,0,42,48,9383.597,8.37.225.107
OXC0IVU2JUvl5+T3ur78BbJeanJyI8lFgUT6Sa3Ec/E=,20170305,1,4,1,1,110,114,28098.953,8.37.225.108
DFpEOmBqFMTbEtR9c6alznm8HJsKJBk2Lp5ATRvZyOo=,20170304,14,3,0,0,81,29,22840.631,8.37.225.113
9/0E4nmueAKhhY4nN0Ith/m+lOhjSXzHTlFgxeSclf4=,20170327,2,0,0,0,39,41,9020.831,8.37.225.116
Gn4+8mjCXUuUrtLq+T2aXqZdYg+ixMIz7roaN+M1Prs=,20170327,2,2,0,0,42,40,9656.883,8.37.225.139
lHrEwqfNhTOT4wzp6UtMCrK/TrDOBKfo6oAmaYdYSqQ=,20170327,10,1,1,2,166,72,43970.446,8.37.225.156
J89VVmO+NCYjEXBLAZxch7UrWUeE/KOr8xX+r22jUis=,20170327,3,1,1,0,103,107,24778.504,8.37.225.161
xgLHb/az1e7XIo+uZye9XJPL1nLpaC7Kdm3ap95VbZg=,20170326,21,3,3,2,58,79,14915.148,8.37.225.170
SKgkmzqYxykcc/cR6DHxUSiWvdTa02nyc7Yhw0YPy3Y=,20170327,3,0,2,3,11,18,3970.349,8.37.225.171
u7OkL3E8m2CNYV6UvHpz+pFol9O5tX8+6DlL219cN5c=,20170327,2,0,1,2,38,32,10158.204,8.37.225.182
0LsJiAOivwsbXT5bT4RYjWQdPOmsPPJbQtSAPtNgnBM=,20170327,18,2,1,5,112,129,27387.476,8.37.225.187
RfHQUZocpRM/XT26sj3dLnDinTQXbM8MyFnElrZb8mg=,20170316,1,2,0,1,99,56,25380.274,8.37.225.191
udjgnsUjHyaXP9DA5tcrzInT5p1GRZqNk+NJ1ToFRVk=,20170316,9,1,2,2,77,82,20360.394,8.37.225.192
8T4TahumQk6Wj2J2Tbxvdx9gGum2Rdr27AKzbcq0ksk=,20170316,1,0,2,0,25,18,7341.156,8.37.225.194
V00BS8YUKvDJ5/w2uJJldllIW+IA217sJW60SIpLukI=,20170316,6,0,2,1,11,12,3124.323,8.37.225.196
1WQn6f4jEZSd3ak2bfTPqrOCpr7EW+MDznkDgo87nfQ=,20170314,9,0,1,1,56,54,14762.819,8.37.225.203
87g0GgNVVgO2mQcltJ01OcVMXwJZJiHsuGslbjc9OTA=,20170315,8,3,1,0,13,19,3904.394,8.37.225.206
65z6fgJYywwfMcPlMYjE3a13EzriZ3womQwEof+UQwY=,20170315,4,4,4,3,148,122,39551.4,8.37.225.210
WijKgim7XGh3pKsfFDtVgzfDKiYIA7UDD8ZyeCgwhlE=,20170315,3,0,0,0,14,17,3684.21,8.37.225.211
GiN6K2QWUOdYnY6/PmEq5DTkdFGQ6aUVFwAH/LIHN0I=,20170315,1,0,1,0,45,45,11995.769,8.37.225.213
N5VO8rax6MqJFIIiApAleQs80UzlyS5Shd4nx8/BD40=,20170315,1,0,2,2,10,15,2941.089,8.37.225.214
anbp3JT4CBnVcGAlmneBe48V40oq1qHpdY3a16NlzbM=,20170331,7,0,1,0,14,20,3721.912,8.37.225.215
YrOEsslOgVw/FP+HxrCqQeIeRqt8R2MJ5136JesexIc=,20170330,32,12,9,1,81,117,19564.323,8.37.225.216
Zl+I5bVtt7jRiYnxgC1nUhn72mOteZbkuPGV2D8vwSo=,20170331,6,1,1,2,4,14,1617.8,8.37.225.216
Wlbqgy3WBGWAjZ0bzyCn5MwDzUn8b/6GuIzlW4nvWcA=,20170331,3,1,0,2,21,25,5680.079,8.37.225.225
JvOJ2+dWZDKg0zrdCvxG8k2QkfomDRo+OIj4olmgzCA=,20170331,1,0,1,0,63,37,14405.802,8.37.225.225
uq/wSUVjNM1cnPCAa61SGUj8tECP5x6a6f5Ok4OiXpY=,20170330,20,11,1,1,2,25,2580.032,8.37.225.226
kSrTPMAFu1b7u+V2HSP35nhuqk3P5fZYEdj2y4S6Xdg=,20170331,5,1,2,3,47,50,13064.59,8.37.225.233
NZKFAweJK8gHCoO2/ESZuZpRHPJPMOOKDBmP6PNptAk=,20170331,5,1,0,0,19,25,4676.528,8.37.225.237
wCzYNgkOw8RiOQOzjpROQZ6F49qrjsHJfnan88L1KaE=,20170325,2,1,0,0,21,23,5220.13,8.37.225.247
7u7hEmRNI3+0Gn+IhkKx2wSyRbi90bHNtmjFSkkzYFw=,20170315,2,1,1,0,161,120,43413.8,8.37.225.44
4KaGcisJYxyboILfrQDx2KWNcF6SMvOVGr1dhIEfT0M=,20170325,0,0,0,0,32,18,8000.812,8.37.225.55
2OYWWaXNOk2fPC7PyVU5j2W6uAhZij9HvEWR7crwvaw=,20170315,5,1,0,1,4,6,1064.711,8.37.225.57
WJLAZA47/NmSh/WK59hB9O5+wjGvpym++d3DTi+c3p4=,20170315,13,1,1,1,16,26,4042.357,8.37.225.66
6Cwb3TZrZYctSK0nOSgZuZGFIH/pQvijj9XPZ3ScHjU=,20170325,16,33,3,1,0,52,3416.19,8.37.225.80
8exBXEE7jCFTMuiMQJIazLgJL0ocUNQ0pzUCul76hjo=,20170315,5,3,2,0,16,23,4754.744,8.37.225.80
AkiLmKUtH4M6Dshst5H0NJVBYeAEL6G8ccAGs4fkYAU=,20170313,8,0,1,0,32,36,7130.792,8.37.225.81
kEzIPR5OfDJJP0Xy7tglQB6dFez/d86osEv+N3as8l8=,20170318,1,0,1,0,15,17,4010.632,8.37.225.82
nUoZpDP2fi0n292zKTrEZ0HohGLSGB+05rc1oQzXMmk=,20170318,2,0,1,0,21,24,5586.506,8.37.225.83
LmGU/GS+wrF3WmrGwjDGO2fak3xKZ/ayQ5UnEB9REHQ=,20170303,0,0,0,0,200,98,42217,8.37.225.83
keJuGeWToxKbav8GSdeanX3XYxWamfmIeKmJkGU9Psg=,20170303,2,1,1,3,12,19,3821.933,8.37.225.94
hzXX++eHdscD4wpmqgnehSj/2th/Ux8atj3gtvNzsp0=,20170303,2,0,1,1,16,13,4876.505,8.37.225.96
j4UMYahu118HruZtoB8mNF/eb5/ioUzFQabL7fDfQok=,20170303,12,12,7,4,25,42,10042.067,8.37.225.99
Dh3fogx+kuQozs4Ab2ZajBMhyo97BTwYjms50lZa/U4=,20170303,10,1,4,2,5,17,2528.174,8.37.226.2
t48Dc7ttmNIkS/+NYMHlefm7iV5kMUimAP1NCIPV5mQ=,20170303,7,2,3,2,101,97,24377.144,8.37.231.119
swqPbSbxawkDqsztkHPjBcUzRjlmQFSPKDzQ73eB2xI=,20170303,0,0,0,0,11,10,2591.143,8.37.231.11
vmFQyIDC10qcbNn2YXtG80ujHfJvBDh6fbpWvWKzkog=,20170318,29,4,2,2,59,67,17457.549,8.37.231.123
ux8VISKnyvRP+/4uFWaLcbrQeoW59iMPocQRjKPe52U=,20170318,2,0,1,0,34,36,8706.368,8.37.231.125
1Cwp9Wquih1gmsPKAS9rxxEH3xo6lof6ptCS2VXsr2s=,20170302,1,0,1,1,77,74,21462.563,8.37.231.153
Kdzxa2eFoK8OcLQa/1M/XVNqjh5Ccw3j56pT3HI/Tgk=,20170303,5,0,2,1,6,12,1970.1,8.37.231.164
jq5VTmwvHOLdNrE5vylO215bWDMG9FIElNU6ST7p3WQ=,20170303,1,0,0,0,35,33,8868.519,8.37.231.164
tLfCInvF6Z6kyPVR79Gt6IVZY+HyAPqcy/2zKmw4KyE=,20170303,7,1,3,0,39,33,9169.214,8.37.231.198
zOoHkWJdCXvjeEdCLYnygWeM9YaOegvJnqE3LIAOHvM=,20170314,0,0,2,0,88,65,20234.442,8.37.231.203
YtkJDQI7R0dQmfXnJ6kX+cwGHBuJjCjBxk0TtIY+ZLg=,20170314,2,0,1,1,46,50,10984.981,8.37.231.207
4mky0ZmtjGPQ4aKHobXjXfuvvgT40Oa4QUXKqw3ZI14=,20170314,13,3,1,2,43,56,11963.022,8.37.231.20
kdurf0tNOrZ0VLzdTZChUhP6DJubki3tQMYT3N3n+AM=,20170314,10,1,1,5,81,73,21903.663,8.37.231.232
Ka9ea9jQ4VjJ8L8kfQrKMcqLs6sfhbDU40Dc+EEdm+4=,20170314,10,0,1,1,14,26,4219.281,8.37.231.35
kzcBIx6Q1D9xFou+aUBm0OmgxmAneHmEPTY19GXYvfM=,20170314,11,1,1,1,28,17,6008.667,8.37.231.41
G4gso1O/KfbQStnrj2KS2flrDA+IGjBqg3De76qYzgM=,20170314,3,2,2,3,149,157,39243.57,8.37.231.44
v3W+yGO9P/fs0yO6bQiB6fIaiHM9VW9/YdAHwLUGP4s=,20170314,33,1,0,1,2,37,1313.649,8.37.231.56
S6jkBFke3cisKKu/3FVudkATdqFa+7djzh2gy/5wpf8=,20170309,0,2,0,2,71,74,17355.694,8.37.231.79
54WFwRCYqUqTuejX9o4GxS8Eg5BZEr35phWT664mWlA=,20170309,15,7,2,5,105,81,27235.935,8.37.231.83
DIpTQfdlZRM6QO4f2CfodxULsBrcr16OLjFJNri/ZLY=,20170302,2,0,2,3,61,43,15038.317,8.37.231.83
rqCQwPdsQjgcRZzTscJiIHh+CgJjkurTieIT1Y8Vncw=,20170302,0,0,0,0,217,87,49722.21,8.37.234.115
nSmTz9Kn4H6Ij9rvIAF/5rtRtjJzXc3k7a7vKZPSdWw=,20170302,12,5,7,11,27,47,11178.324,8.37.234.246
Iriq0A87ExRiriPQG3VvUXKaZR5eeZYtgxweMk25SZI=,20170301,0,0,0,0,72,50,19304,8.37.234.91
eghEEapYKoKYNd0NKHgKZKKYTbqx6pxOi4j98syL2k4=,20170301,8,5,1,0,29,42,4707.854,8.37.237.125
+goIdKUN3jo9yf6g16sdgTdpAZ58sk9jG0SD1sNaBvs=,20170302,1,0,2,1,20,22,5634.803,8.37.237.125
a1t5w5UymlbduAyFmK624yLxW6AycItMlg97ln0AXU0=,20170301,2,2,0,1,11,13,2791.764,8.37.237.143
7oBr6BkxeL2zD7aW3L9nhr9eMSQGMNuDzbe4n03IMYw=,20170302,15,1,0,1,51,58,12011.521,8.37.237.143
v2iepP4HSO+aAOi9ATqaroMCcADKqNWBrqQQNF9sBdA=,20170301,1,0,1,1,33,22,8915.16,8.37.237.167
ARp04x5W6nL1GYzb0NkdnJs/2CTK/OqekGSXiZdkg/4=,20170302,11,0,1,0,209,131,47426.703,8.37.237.168
JMEWwrD0zX9y8weu+Tk9n68Zsvjcr84jRqZhJMLErM4=,20170308,4,1,0,0,16,12,4196.469,8.37.237.169
uujL6DKvtuhDRpNCuCPzlRLQRSapDom+qEIQIq/9Y5A=,20170308,7,4,1,2,40,44,10725.034,8.37.237.209
11VU6HgFFZ/lzEqjJcdVZaKf+/+ouuhlZ15TmU6HSxc=,20170308,3,0,1,1,29,33,7601.183,8.37.237.234
u+d+giG89SAj5vB6DhjtH4pHHZnGsxqw0GrCrIBogP8=,20170301,14,8,3,4,79,97,20403.246,8.37.237.31
ljWyRwKRkIk7iQZH+OOuF+ot8zzB+TzC+x7LzbBNDv4=,20170301,3,2,0,0,61,49,14882.461,8.37.237.56
JxTdtD0CdHrt7b1TjFpCCcTeCau3KVxlzHRwQJ0EI+w=,20170301,10,23,8,6,231,162,57207.463,8.37.237.74
7/ViMcNDjgloTKr4GsLpwgmfPgr0AB6VyiQIheWdhFI=,20170301,0,0,1,0,58,59,12758.108,8.40.58.227
QhdiQV2ghLUrRYaQeYO0LcK0mJA5D89jNcNgSvlnN+4=,20170308,4,0,0,0,254,84,59985.263,8.42.202.1
hGMmV/auSAk+MnN7GFIpGEp6UFGtEaKcmcHsLgInhQg=,20170301,1,0,0,1,25,24,6047.617,12.10.219.228
WS3bhfVEU1zItlgskTSFhthVY59jpICkDWtzl8/Y9Kw=,20170301,21,4,2,0,34,51,9425.364,12.1.34.67
17r4SKrf0R09Jl3Ezzng7oVFWH0BC/eAmU+OhfJxBjY=,20170301,0,1,0,0,63,53,16023.324,12.107.103.66
lwtNuv5B1iO83ZJ3V8FGGh6jfTFvaabPfWvtCOM0FP8=,20170301,41,6,3,10,166,193,46292.402,12.108.122.194
ekK4c3SQi2Jgv0HIsAfoJ7BvUc9lXsh0FLT+afzsNhc=,20170306,3,0,3,0,97,103,22926.929,12.119.141.10
l4iVOtLN38Ubkmds63yQBzbdBP7x+Xb5BC/340wAGys=,20170306,7,4,0,1,38,36,9965.616,12.130.162.2
ii3qlEO9GYWPx5lf9UaVCZQ4FDTUu46kwkTK0XMLH74=,20170307,4,1,2,2,14,16,4284.271,12.13.71.254
cMxxCvyXjAfX3km+NUiBCu+66bR1b4v25fLnxZMZUAo=,20170307,0,0,1,0,27,27,6623.93,12.131.115.81
w+NAMe0Cnx6UvgxDN/RPEETg/5RpZSOjJ/Db+2qBnjY=,20170307,0,0,1,0,21,21,5497.946,12.147.22.98
eYu/weVEXW0QKBzKrUDkuxulMjIlmwjYuKqlQEetT30=,20170307,2,2,0,1,196,107,43692.336,12.153.124.226
met2zqqAa6vxyrybRog6OemoG5zMx6LottOjlNFmbwE=,20170307,23,3,0,1,50,60,12106.111,12.156.96.90
TcP+jQjjUAVCzsdxBD+mHXrK1NIRKmV7G3eaHjY6NGs=,20170307,2,0,0,1,41,28,10068.678,12.157.107.209
8wRCwZWVZeWUdnB61pGNlENLS+cQW43v0rjwhfwTpHI=,20170307,4,1,0,2,98,80,26508.582,12.165.188.170
pvGSrW6Yj0BRz058vODdW6BRl+Uqbp3hu5PgmayYAis=,20170307,13,0,0,1,52,66,13656.203,12.166.196.9
6JqOr+arYKxh2RgBH7XA/+xA4mVFXRiWytD8zrRZ4V8=,20170307,2,1,0,1,44,48,11148.98,12.175.119.76
XwzbzjCgw0ku3eg0wHx7v8OtQBZVzw6F47K0TFRT2FY=,20170307,0,0,0,1,33,32,9266.754,12.175.45.71
Xt9VsY+qafWHdk1qvIm1C/TXAf63/OOVMBLjPsaqgy0=,20170306,1,3,2,1,170,158,41190.354,12.175.72.34
Obt3wnYOxA/1YeZOHq7nWwYd2CCDE+z+Ham924ZwFFI=,20170318,3,1,1,3,65,72,17107.308,12.176.80.170
viV9r0o8I6gkLRko2hf5rbFX3wTn0kHzvv1uukR6WxY=,20170318,2,0,0,0,161,155,40576.157,12.180.82.218
jZ4YHkk5sa0cjBYc52J6h5gIFWRnbgDp/nZUhJT4uDk=,20170318,41,3,3,6,27,74,9005.026,12.187.116.132
Le6EEsdDzod3iF81jiKIil3vxKrR/bDIOdgARsOSYy8=,20170318,8,8,4,8,72,77,22052.845,12.189.26.162
+S+7sixf9S0WvSRf5A3PbFKeLbaYnYoabvS63gVd5GU=,20170318,5,0,0,0,41,44,9387.502,12.19.109.2
W8H611ZbGaINxfS1IzeRGxYk9X6iGlxO5Ui2X6L2Gc0=,20170318,50,5,2,6,178,206,44329.489,12.197.156.98
hwJwVFyj4qOUehETcg2wczX/ICw3Tqejh1NsBBdddMw=,20170317,16,2,0,4,76,87,21273.272,12.204.91.250
DttOqApRHtJu0qyAOhXgD6bLO4BNOjqQnpq1w70Yf+g=,20170311,42,4,2,1,98,70,21458.481,12.216.192.20
QCDSNepnEb4VMVqdf7dy0FoIIIBv8XtLzQT43q0vOe8=,20170311,2,2,2,1,147,120,33233.945,12.22.205.130
FacSLMxhkyIi2758Amfniv+kQ5ALQy22thlMSwH9J9w=,20170316,21,3,3,0,44,59,11985.803,12.234.176.34
RMdVwjDyweGC5afj4f4i7qcJ5z5pMiKlf1Mle18/Iec=,20170316,2,0,1,1,93,94,24232.157,12.250.243.122
ukrij5dDv5/K6Wr5sjtnNGDY2nc6TQN0USWrSULFAXs=,20170316,1,0,0,1,21,18,5114.536,12.27.248.74
eYzfluVuq3GDxytvAg642xtbkwIV9OZrKxHRJW073D0=,20170317,36,8,5,3,63,61,16558.015,12.30.93.58
ETETvrbacszVxcSbesWBcTU8W7yP/3NRm1wJOLN7BVI=,20170316,0,0,0,0,12,2,2994.46,12.31.244.6
NBlSr8dvM892bDA4YJNRUIk3fV//6eFZDtmJL8AxzhY=,20170317,15,1,0,1,61,77,14898.957,12.34.246.73
SiWHUmZR6tlUCWXVHy69Ct9nO9xsTzVBlU0vyj0PXFw=,20170317,37,8,3,4,30,60,9294.297,12.36.127.66
jXTcS1FrlaIToXequvRCCmkwpAk4qQJtmV5S9cGXi6k=,20170317,20,0,2,3,24,30,6890.398,12.39.2.226
8BoakybxnPZDl4z/ufp/l4XXzBM41W4mVJU82vkFy4k=,20170311,1,0,0,0,39,33,9106.5,12.40.148.10
MhTa6eKBTWEmJvL2hrDpCeKHCp8Wnso6HTgvrsJU3rQ=,20170311,97,3,1,5,41,137,12412.013,12.42.50.52
HO9VF1D2gPzI3VzYj28+ksJzw3v0WliaSoUAZzJEuZQ=,20170311,17,1,0,0,4,21,1020.148,12.44.216.98
th15FbNH95mVCY4Kab/e6Eia4sXSB4tWXIblZtgI5w0=,20170310,2,0,0,0,58,12,11941.345,12.69.190.12
LFYCipcvNvu0rwd5NIIYdI3L6o3yh7H60F1K+PLv1fg=,20170311,0,0,0,0,60,52,13570,12.96.124.218
LTdSaF7x78nklTd+WNs3AGQ7PrwXKXcBCbuTwn3srZY=,20170317,1,0,1,0,24,26,5947.03,13.21.125.9
vBlHo0+iHuAyMQbRaYU4NvnB1bZlT/XOjwm26d52i9M=,20170311,22,0,1,7,9,37,4338.09,13.76.168.156
/gAR/JFqdQUHhyA/bYW/VrfwgA/P7aYhq1MVd0Pi8tw=,20170311,4,0,2,1,12,18,3165.737,13.76.241.210
IkCuAKU7LXrdMQ31OwimvdHSH1xNSCdReea/jeDA88o=,20170310,10,4,3,4,54,38,15232.51,14.0.153.70
MCQfo96BIMNVv4V5NGccXGnM4BtWMDT/Ugi86B+wUdo=,20170312,17,1,3,4,40,35,12092.461,14.0.157.240
EcSRWZM+Kg9XJdxHAMuF9K/fKO3u5nA4S2UkTdEuxyk=,20170312,10,0,2,10,59,77,18019.913,14.0.157.53
2XZaQvvDFiMWBcKodNiwOI2lBmdmdJG1yvdMTVS/GfY=,20170310,88,12,8,8,169,169,44924.15,14.0.159.166
pNeXkznt5BoEXikB9MQ1G4db51YQBqepagg9fIOl80w=,20170311,5,0,1,1,20,19,5184.393,14.0.174.201
Wp2ahzLL6KHdHHOyawTyOJih4jMVMT2CmXUuzq4Inys=,20170326,11,1,2,1,2,15,1076.78,14.0.180.37
up8REDGbSsByaQ8u2Qe1zyR++6j1XA61XxfnMfzBF2M=,20170326,1,0,0,0,94,52,22945.608,14.0.225.229
NTEvwZq+9bONZc+juKOVVXbXraYQNNgBtpp8fT675EI=,20170326,2,2,2,0,46,37,11119.032,14.100.132.199
u3Poguas3QGrUPBPtWboCejFFRfBUJ1/uusWq5uBxlA=,20170326,21,10,18,9,70,101,22818.084,14.100.136.174
pYtBSoVqkhRONlEjp3bYnH4lx1ABblKQhOVa698bC7Q=,20170325,6,0,2,1,110,107,26523.806,14.100.136.176
hsFzISr9XdhOuxntW1lo28UhvvsVEfpEm2yZrB79vSg=,20170326,0,0,0,1,19,20,5080.398,14.100.136.43
fSWdlaQdV4fH67dOty1b6g5v0BoaiS4HYWKTCbh31Sc=,20170326,0,1,0,0,16,16,4269.452,14.100.139.65
to/G3mGs72r9wRi9uXxprecrjtbIU/zgAbZtlGqWfRk=,20170326,9,0,0,1,8,18,2265.408,14.1.193.228
cVm0EwOIKHqq7dqsEryOaRi7U1pNhTABCP7w+HyjY2Y=,20170325,45,2,1,2,22,63,6502.658,14.102.109.226
EKrpgdv3RRM1HJLkVh15l8VlpdtIADfEsiWYF8LpnA8=,20170326,2,1,0,1,52,53,12569.382,14.102.40.162
MQXhfP8aH+WTU3mn28wwlhCsiVimadzdvtX8grVjrgw=,20170326,22,4,3,1,14,39,5437.471,14.102.40.254
pOjSzXlaqSfCaY2HJmVnIm8Z0u5CKlAxq6N3lK5Mp8M=,20170323,12,5,0,1,3,18,1737.639,14.102.60.68
0qzlxIUi8d6pOZuEgmzzHe16teCMmCuAGTdRTX3mI7U=,20170323,4,0,0,5,20,21,6423.866,14.120.195.249
4MNUxIKweDbciC1p/mTw52j9NiANti7YmM3ynmt4LWI=,20170322,0,0,1,0,82,41,21024.847,14.133.92.237
c3t4MjFhAd7hpavjJRIM/FT0I66xRFcBCA6J3mUc2Po=,20170322,7,1,0,3,131,140,34166.472,14.136.98.174
tVsw9XheEEA72pAME8NEP+jeIQkBG/V8kdT1WieThJc=,20170322,1,0,1,0,25,26,5973.099,14.137.74.9
X1bJfWVeW5VHm75PIqOQEdkFVOdsVw5OxXwBjj//1fQ=,20170324,6,0,1,1,50,22,12120.88,14.139.187.225
T106fGYwBXFDCpdSa4dL3oSX4DqL6Q7RsZ9nzVfRi2U=,20170324,171,1,3,1,44,169,11183.32,14.139.207.130
6c0gpQAR3uvqYoZUHJ+xljWnLX2IXF+5txcHWWrMMl4=,20170324,64,8,2,0,7,77,3466.819,14.139.217.138
3SSJjoev1BhSx5WacrrsvjAQQYuGnCLMft2Ll1zxLFk=,20170322,2,1,0,0,123,126,29547.801,14.139.228.230
Brl6C6W1BodFKjBeS8pwMTrAsdUVEjOxLzYplwGOh6k=,20170324,5,0,0,0,25,16,6604.47,14.139.236.226
8Or1gPYArAaNK4LBK9c1gfa7CTfrqXrcqBcYPXCIL2k=,20170324,17,6,1,0,28,44,7564.219,14.139.251.107
CJZ0SMgrqITWln3ASUDUiJssa1hc2cPn+4e8tQzNNTs=,20170324,18,1,0,4,53,63,14698.302,14.139.60.52
fmczMygB8pycoNTh0NdVs3YP+iFiL5RayKw3hnGn2U4=,20170323,18,4,1,2,18,30,5043.606,14.139.60.97
Yj8VG/GpfnpASjMb9XdDNi8CajodJGYOgrOsXX82qAY=,20170324,4,0,2,1,21,21,5543.273,14.140.121.186
izlLy4vjU20J19cp7RJ2U71wmPvBEXjnc46YMq1AmWw=,20170320,0,2,0,0,16,17,4332.035,14.140.162.178
YQXa0C7XdrNYPKtm6mKmOue+65PvDFhJULFo80PT7bw=,20170321,6,3,3,21,17,41,9355.188,14.140.167.94
JEynSsp7M21vLDswzkhaqbOdoOwCgbKxj2MJfN6BC0o=,20170321,12,0,1,3,54,67,13845.06,14.140.50.82
d190LARjGI/at6FzQ9ZvhwbBLBDaL8f28AUlXMSDW38=,20170321,3,3,0,0,121,123,30675.693,14.141.196.18
0qzIPhA1qS1s5TNG2G7SDOVCoWyAIuTOnZiTQTXC/ws=,20170321,11,9,1,2,18,36,6046.93,14.141.196.18
iGGRGnPyU2OPPVZ5/uKFh3PsNQphU1G9deIzw+yzuAQ=,20170321,25,2,0,0,26,48,7352.746,14.141.253.50
Wrm9sFrd74e5Enrbq6SEIAOQPu04sswOzhRZzoW19ms=,20170321,7,1,3,0,40,41,11099.223,14.141.67.90
4qT+WIdCZPOHUTV4lL6UrcljUcDokfC/sl5lIAlo6fg=,20170320,1,0,0,2,144,110,37651.069,14.141.89.18
Yv5Ree71bucc9ZQl68sQnSDzsLhWflt7g2ud4+9iA50=,20170310,0,0,1,0,87,81,22081.78,14.141.89.18
VPiMf2RcW7LM9cgzPTt/+6ACw1Wb2Ri3OXI3gqpuQJo=,20170310,0,0,0,0,6,6,1316.235,14.141.91.65
IFlLeYVJsdJQ1w0X9aC7gVm9rzeUXgPkIJSohoz/n/8=,20170310,1,0,1,0,18,5,4277.112,14.148.202.178
9HBZ12JOWO3sXkWbkKC+MiJbDlwmF+66i+x+hNHG6bc=,20170310,5,2,1,0,76,80,19127.468,14.152.68.114
xeLSr+f3703DkFzkMPB1dsM2JzcWqxFfYbEFN1MiyH4=,20170310,5,2,1,1,94,65,21920.772,14.152.68.39
JIPRKOFdYJc+Wrw+DX0tkdYL5HT4PLOxAuL7h5dDbeE=,20170309,9,8,3,3,10,29,4435.579,14.152.69.16
//t0UhjqvwoSa48wEPXDZZKb9KMVMoobZ19jee2baBM=,20170310,23,0,1,1,14,39,4024.122,14.152.69.55
m+HcwzqTmlbP9WXdMydXRy0h11eR8AQPwz2dm8uyKC8=,20170310,0,0,0,0,5,5,1137,14.160.24.42
oLxU5ADqYL3cfXX4lfXW26OFwqId+dBP4za3UN7eww8=,20170310,1,1,0,0,11,11,2932.102,14.160.89.82
4wsy1VE7pWj/iNqdIZlLaIvmcOZx/+jVCr2Qb+wBgAQ=,20170309,3,0,0,0,6,9,1419.782,14.161.14.123
yYuITaYmvLkNUYxUQS4e9HEHwvNuvI/xWATp3mpowKY=,20170330,2,0,2,2,9,13,2462.634,14.161.15.207
ZteR20Fv3rxt/B5kQWSgs74b1NQd2EQmJb4v1SOOrfg=,20170330,5,1,0,2,33,40,8634.58,14.161.15.207
9US/AUUFZYINjRzkxKfinsP3of1LW9H4Rt+29A8EvXA=,20170330,0,0,0,0,203,100,52024.098,14.161.45.119
EcqTRa0D5BKfegk2CAdtbMO17r3MY+AihPA+P3Z0IR0=,20170330,26,1,1,1,9,36,2729.529,14.161.45.155
n4MeYyEm5GzVqK/+A+Q4BQ7qBgLbiDc/w5kGADMAvs8=,20170319,4,0,1,3,11,8,3899.597,14.161.45.155
giIhWZ9jw0a0FTqlPSLByu3sUO+6B5HsEqlXwJzxEyY=,20170329,40,4,10,5,102,138,29805.403,14.161.45.155
gNnT4LvC3sWh+oKz1k7yII06DRNB5QgieiUpmnLOi3U=,20170330,0,0,0,0,134,62,37580.526,14.161.45.155
D3RBvU0VONB8j3ZTFHCmClGALshZwewuVtee2AmL22g=,20170330,17,4,3,2,29,40,13921.801,14.161.9.205
k+xcKy5LVmDhcaY9l0hjfckFI7NkBdgfrtoSx2PQpxU=,20170329,0,3,1,2,46,49,12290.789,14.161.9.205
8vnSfowAIQI0QJ2MVRdR8RcaK0/XvRJDPq8KXLasHqk=,20170330,27,2,1,0,13,42,3411.11,14.164.12.33
O7SNzaYwn950zGgHwPwc2PNko02F4SwdehRc5sMfg4M=,20170304,6,0,0,1,57,58,14128.541,14.165.62.93
ygVecoD3oAnjLD7EMuy6dvSpcUlfLvrGgl+WfLhaI3c=,20170329,7,2,0,1,28,38,7058.278,14.167.92.94
spCYm/M64l+4ZKjCHSAEZ8pYXbPHDSh9s557v5BsG2k=,20170329,7,2,1,0,46,35,12676.15,14.169.162.35
OFLtUGikZwj4lxF8S/tdNc0boziDb9dMUZh5ALhUxp8=,20170328,2,0,0,0,117,50,29448.119,14.169.213.96
TKuvgVjqjKnbrP5hE/0bBJ93b2OEw0O1HNRFlOg6zWA=,20170329,1,1,1,1,81,84,18650.021,14.169.223.241
THHdMVq3AeMyK31twDR7hfTk7UhEAKOLwgvIxDuXGRk=,20170329,14,4,0,1,3,20,1551.711,14.170.26.135
eJs4j94fqmXYere4fl+mbSvsC8NT+6XT982QRxYUf8U=,20170303,3,0,2,7,300,178,77797.357,14.172.50.243
KDCYaw79xUgJHGCJYBkA4MNJHE4OD+czTixaqLmUfAs=,20170304,0,0,0,1,8,8,2220.025,14.174.124.147
kz61V9qQHS6MYMyQYRf77Bz6EcY4KMjGLkoVVsB32Xg=,20170328,1,0,0,0,70,68,18356.412,14.174.133.146
j8w1Fzfcw9l87tA96lJWRz9Sw38wLNEfEZzLdB8U2uI=,20170328,6,1,1,2,51,47,11508.892,14.174.136.154
dbd2XElIotnFsFfArEO84/HKNCES2kUM5LMK//jxtOI=,20170328,9,1,5,2,22,26,7107.365,14.174.56.212
dS216ClSgu+V5WswDGQFuF4KJSFOL6Zo6139bg51Los=,20170328,0,0,0,0,26,26,6858.03,14.174.88.244
iewbdXfaAZG45Y4vXUalfXGKeKaRi+LFgkUGpZKIy20=,20170304,3,0,1,0,40,38,10384.335,14.176.246.19
jC9H1s9CaFAcm16ITvnQZtMEo8ZVESnm7qsGbLXvRwo=,20170304,3,0,0,0,68,67,17954.165,14.177.201.27
IN4iFj1u1SZB9DB3DDjbPDEpP+Z/ZQwRI9EMpvM41N8=,20170328,78,3,2,2,154,193,36760.279,14.177.41.136
BV7PL2tEdK4ko7Fc4MkRi9Oef7/g4/jMNmfZw5GKrJA=,20170329,0,0,2,0,6,8,1837.262,14.183.30.84
qP7TeYCBlRDzyHnJE0wFC6SBhY3WpkGEZmLINAoznv4=,20170328,20,0,0,1,21,37,5362.969,14.185.12.101
6DxH6sm9aV43lTjxYkh/rMJUFy5oomcoCL6/4XAIQZ4=,20170328,7,0,1,1,16,20,4437.057,14.185.15.30
H9a1t0vhLlTLR5+Ep+xYeW2PuArKF+oVdClQzRH4ONI=,20170328,6,1,2,14,139,160,38596.746,14.185.216.71
grvhfhXBvOqloh3Uow9fa5cRs3J8ag9/pocog54USZQ=,20170328,1,0,1,1,182,184,44344.13,14.185.8.12
LKfMY+1WF8xxiv+dVtq258KI4gd3yxunV7zOhlyM74Q=,20170328,1,1,0,1,24,22,5557.092,14.185.88.87
q+dXekbq71xMMQinl9QSrJiySuC3d6OA1eoOcaQPyto=,20170328,0,0,0,0,15,15,3504.857,14.187.158.255
a9VJSINCa4HuPM6nI4PhP3E6UmGGN8dJZ7fdfjDmDhM=,20170305,1,0,1,1,81,72,21909.005,14.187.176.54
iZr8MKgS/UjqeegkH+K8qDKjpucly5xKzCWAlR4rbqU=,20170305,7,1,0,1,52,54,13100.595,14.187.3.212
2ah/L5MZ2xshuf8Of80EVAZpBt3buz51A8iUdvHOXKw=,20170305,5,0,2,5,13,23,4924.889,14.187.75.137
Q/tP/Klbddnym7IvCspzGaoXmAocX6r7r6fayNRcDBU=,20170305,15,0,0,1,26,6,6753.828,14.188.243.58
eDigUUrGZOncZDhzsYMFNcbwjxzGuIvWH/ZhGWjG0iw=,20170305,6,1,2,1,9,10,2508.365,14.190.30.128
oymEVqx36rJSJgiT6nD17WyuIvjs1WKaEJKjph5b6yI=,20170304,27,10,5,4,48,74,14239.08,14.192.13.218
e16Bm3iInl2c3HehU0Iyw+9yTBjRX191o3d4IZ8bCug=,20170305,4,1,0,3,84,61,20973.211,14.192.208.107
5/6i5U1UWfGnVf1+OEuAb2WHCtBzpppfJV+gKOehTzk=,20170327,3,0,0,1,146,141,36769.486,14.192.209.168
G0N7ZbDMqTFN/z1Oz6J3Gl+T6hCUR0DLcRxRBRM+nH0=,20170327,2,1,1,0,12,10,2891.334,14.192.210.16
1zoOOtSW8MLy5uMnjjp1+BrAL2eXup6acegxpzKkx6w=,20170315,16,1,1,0,36,50,8999.439,14.192.210.189
Xhdj7yAJTxotfU/wUUnQNjw+gRUA1GmO23y3/NPfE/U=,20170316,2,0,1,2,104,106,26409.728,14.194.154.196
PWBlhhKhWuI7J8IfFtSn2SI6iflmXUGhv7+RFGsx0W8=,20170316,9,5,1,2,141,124,36636.863,14.194.215.225
XCTPPqILKkUaW4NT4ON5Afpp8474NZjTGmrjfiK5QaE=,20170316,10,0,0,0,133,96,33565.533,14.194.217.18
6HYK67cdXds2lFRkRPFxjyXTOMi8hFoTMYt9niMz5lE=,20170316,2,0,0,1,65,67,15274.453,14.194.71.76
LSxhj9irqU5nRkazuuiUO+GzoSzXUbKrt9wG94CGLDU=,20170316,7,3,3,0,44,54,12670.161,14.195.174.98
wC3DlHmba3mwvyH4ERrsRsWsB7Hq71RZOb+bDycK9FM=,20170316,13,4,1,10,59,64,18100.273,14.195.61.237
KpzbS3sOA0HFYcwDIdRdislrj4nsdttTyrB2kfqDDdE=,20170316,2,1,0,0,18,21,3960.934,14.201.120.189
3VCmi/lwD71IuxXvA2uo6wB9UkbVny8uQgdSldEE3TQ=,20170315,6,0,0,2,120,115,31627.591,14.201.205.48
4Bs7sVEWIW6jzrW4acUF7i9m+/bRj7tEGWObL/SQDxk=,20170316,13,5,3,8,47,33,13414.483,14.201.54.90
ONAaPMHe/wUzOCOia+cGNIegLG6GkYSUX3pmCneRnp0=,20170316,3,1,1,1,53,58,14012.466,14.201.82.6
EPpWx6x55jT3lQ+LvxK+eFwblTPMccX2cFYowxNGhMU=,20170313,0,0,0,0,102,102,25189,14.202.24.50
4VjDbf2tKTLDbP6I+4NGeoEbithKnlvePG9DAWss5YM=,20170313,7,7,2,3,181,128,47777.084,14.203.179.14
JHWw9Ayk14mT4caL0FYjLcGr9E4B9jmCqt4jrFUuv6M=,20170313,5,1,0,1,30,34,8020.888,14.207.143.142
zdjirlvcdNUs8bXrETVnznDYcvq3Pqe6w3er6Gl1jSA=,20170313,0,1,1,2,66,54,17650.512,14.207.208.130
ag0vLQx9oskpyF5PkeiPaBhzAgQFf5T91+rc1uk58Ck=,20170313,57,4,3,2,40,87,11473.705,14.207.225.50
FDTXC4LcFMJqQ9SO6ICQisIdQ4Sl0s9WCz1qJcT4HpA=,20170313,0,1,0,0,34,31,8021.268,14.207.62.3
V4JimAjSyr5Y2BmJc8EQEGoY5XnHRXmCJNRYKWsZyS4=,20170313,19,7,4,6,53,40,16151.064,14.219.222.86
/0pLE7Omrq5jjgYeFfAyB8IAwLtpBaxgESIjKbQ0Xp8=,20170313,97,2,2,0,123,148,30666.45,14.28.165.142
F4dhhPLLfN/JAWgh/jznJPztnm0n9TE74Gupgb6e+jM=,20170313,11,1,3,0,12,19,3790.897,14.28.51.88
w5fiIbD4TKChIoOMKBzCNc5ywtsNtz2+aCYJBWgDY6o=,20170313,11,1,2,2,20,31,6549.847,14.28.51.88
2wgPaTTnx2boE1GgCsz6us7RAPJMjeN4GzZflZ8JJVs=,20170312,33,5,4,4,17,57,5507.008,14.28.54.86
h4FyS6TiolHiA8eMOEqzaTFDtrhftu1QIUV8VwAqYfU=,20170313,2,3,2,0,81,76,19818.105,14.28.54.86
VGk5XjOnmQsHr3D/LyyfHdzO8L6/qNzSK+DtdWL9USQ=,20170303,33,10,2,11,22,75,8537.477,14.28.56.74
zjbmb92wF55xWpsrE7KdxkBpn2k5CBKXR3QWhv7UTSI=,20170302,0,0,0,1,4,5,1108.549,14.28.63.205
lG4jOfMYOVRJncFuLg4GncJE9pPk75Qjw2A+L+0cm6Y=,20170303,8,3,1,1,15,18,5118.73,14.28.8.185
tfHIFl+r0r82mz2f0JawqiG0RUhQ1W5jOUk9V/oegvQ=,20170302,7,1,2,0,63,73,16574.392,14.43.102.31
QBllpkc0wQf1hrbWFh5OKP4WWS4YJJhsSD9oIgcKEno=,20170303,3,5,0,2,23,20,6402.923,14.49.187.105
irH89GmiZ7jfNB2afu4He4wIFJZs219SPyiFPSgFzBo=,20170314,4,0,0,0,114,106,31785.14,14.63.196.83
yZRnDMrq0wF3CXb8Ljrt+3VIFNjgdS/h+e4x9cFnYfQ=,20170313,0,1,0,0,27,28,6589.09,14.64.22.195
mZrYqigLWuXAPwcfsjBuHE6chigH6Wci8PPVJmIoEgQ=,20170314,0,3,1,1,154,151,38105.839,14.96.180.204
i8F3fVCxHXuzUQxPTrWtLb/3vbdraRUrp8cDXPYCRp8=,20170314,20,8,5,4,19,35,7482.47,14.96.181.14
eh8XGoopzKkfyD9d3lXxrtnMuzQYAzg4uhPfnH8NPPg=,20170314,3,3,2,1,26,27,6670.267,14.96.6.46
aakQBHwuPJqFnPVPlU7uKk4NSTxmYvcsfszlYT+6DvU=,20170309,7,2,2,4,69,56,19027.93,14.97.35.111
R/PFK81XGu/66gyPzkYonrjiqzWClu71Vz4WeC+UYoI=,20170309,6,2,3,0,33,39,8317.954,14.97.72.179
9gHRx0VH+lTV5Aitfzbben/q93/YEt6xOdrB0xDLXGs=,20170309,2,0,1,0,19,20,4990.022,14.98.137.230
HE4etDR8ye/xerFkv/KMo1ceX5ukajpGDbY5+40siJ0=,20170308,0,0,0,1,6,6,1678.956,14.98.176.156
0tqM3cLfYT9pvdA9Pr2allomHVEYXtjuYSl2xoX3MbE=,20170308,11,2,5,0,117,130,27458.562,14.98.62.191
MkWu7xPKPmnxKahaCL/VEmSJajD2FjiHWFcqOe1EOZo=,20170309,27,0,2,3,15,47,4754.275,14.99.108.221
7xYGr1lQYNivWc694fFUlA814JLKLLrxVlzyEFCrmiM=,20170309,18,1,0,0,4,19,1219.993,14.99.143.4
htQ5eUdoRWa/rc6S+O+ZUJ92sqRLhn2P2miA2hdlYtM=,20170309,3,2,1,2,41,23,9383.576,14.99.146.228
W4UZkikeAD4C/i3LLC8yRRQQWisMS8nXpT98peLQjMc=,20170308,14,1,0,0,16,29,4589.965,15.195.185.85
v8AacvTAVc+/LirV3UyMvUKCyRPVVJGVQHtPi2C/KZk=,20170309,7,4,2,1,9,20,3186.597,17.64.76.221
CbShDuEkeCc68mWzJQE/08PCOIwT/xLEt+FwLUUPHuc=,20170309,44,8,3,5,12,64,5348.882,17.82.99.109
7hw1v5mcI1SOTGfE5/urvgthgLwuctwn4AKSYb7iGMQ=,20170308,2,0,1,0,19,20,4950.875,23.104.161.155
qYSKlBZh6iIEh9vcPRFV/CggEZ710sEXS0O+hFj2cuA=,20170308,4,3,2,3,28,30,8166.384,23.104.161.172
YI0ryhHWui9Mv97DSK2sdjvQCJRJfoOhDjAid+qwz5k=,20170308,0,0,0,0,3,3,536.658,23.104.161.77
T9UtrZbwQOH3GB2lyTlrtCXVOFwb0ax9Td2dmY6IHZ0=,20170308,31,12,6,2,27,71,9289.942,23.104.184.112
L7BU8BSwMZ2DaJSZY9GlupcU5i79wyyLkk/qHBjPbnc=,20170308,11,1,2,0,114,99,26488.179,23.104.184.143
HplBYxDbFpdXFrg3ua3+Pclm22rDDdL56zYmj6SH3Ak=,20170308,31,6,3,0,140,170,37275.501,23.104.184.203
UVw580zeRT3/HJRZT7qKZEAHwIpHsm89XZuli1nn3vY=,20170301,2,1,0,3,62,59,14010.723,23.104.184.239
q6epjH0nyz9UEs7VorfYOG+Uv2CP92qF9WLAVgGrStk=,20170301,0,2,0,0,34,34,8336.911,23.104.184.253
9Ctfnr/svb4volM3HnVwgvZ0mcWjPNi/FJ2JT8ahv6M=,20170308,5,5,1,2,17,24,4781.155,23.104.184.62
TjdL24CDs0VAq5TRpIKVpE5DYXMV5CXlg/4weC8bAR4=,20170308,7,1,0,2,51,58,13718.335,23.104.184.62
6lGoO6rbP9HMOpEDxU/DL/y96U8FBx+W/ehTGPNrBBE=,20170308,26,0,0,2,11,38,3585.12,23.104.184.72
AwIj4tm5zo7f2rPQLJ40mMw2SpUwcV9GPF7oqCh21NE=,20170308,1,0,0,0,66,33,15018.528,23.104.184.90
330CHceq5RdG243m11hBSQGSA82299/gCV3C4NEmZu4=,20170308,6,0,0,1,79,77,18027.862,23.104.209.82
Noc5X2VD1ce8wuSy4kluZkri3MfcRxScEMbTq8uvPWM=,20170308,0,0,0,1,104,104,28379.528,23.105.136.95
Mori2uyp2y3FlONDz4q7MK42IMKTaWqRiE7juj9IqY0=,20170301,11,5,2,3,40,28,11534.105,23.105.142.193
qhyvde3ryC+Ik1o7L44xJSFjKjdnMXoJGuQ+pbR04Aw=,20170306,22,0,0,0,138,127,32567.568,23.105.145.228
r1IKQb0zN1+gfA6UDTWE2ZV3tg8DoVFuNDSIyMpiAX0=,20170306,24,3,1,0,19,42,4757.254,23.105.145.228
iVEmxk1gUHIyV58EHxnQMYxMP4jSfEPZ0WgV0C+CjFs=,20170306,6,1,2,3,129,133,30636.213,23.105.157.160
UAkwjxTOIBRtpoTvo1yzTK9tq/fBOGKY+Rpi4Ky6B4Y=,20170305,2,2,0,1,34,18,9126.837,23.105.180.167
s3n7+Y9jN6cVdN7gHnKO2TSyXMzJQbcA/QIX9pmB9zM=,20170307,2,1,0,0,16,15,4625.685,23.105.44.108
bEWz0Ux3jHpJid3lWfNqKGn/3gfndtHdnodXp3Ez1F4=,20170307,14,2,3,4,203,221,48762.449,23.105.50.225
kZErMtW2Hdvcd2JDLFZtSGNkSQaFFAStXkwxXelRm3Y=,20170307,1,0,1,0,82,84,21276.326,23.105.53.127
QgQQsUJu0h49+VVisQr1DxSA8ziDrh9O4JBPUZCr6FY=,20170307,3,1,0,2,89,77,21808.677,23.105.56.116
CLUd9sCskiVPS9iMW1yENTzMNTLjWpqWfJJpXsz4BsY=,20170307,43,15,7,4,13,66,6985.566,23.105.56.116
SE0hu8V+13cR5oQpxyyK93+coL7EsOECE5yst0H7Tq0=,20170307,4,0,2,1,43,24,10280.831,23.105.56.116
moz/5LpNHcwUfUXv16IQFLsY7tstODrqnlOAAdmcI0E=,20170307,0,0,0,0,15,12,3613.825,23.105.56.178
pSYJneSAg0fQhKIioyG3DdG5IstZJu4EXQGDtaMUhKE=,20170307,5,1,1,0,11,17,2729.249,23.105.56.231
ixFn+td6e+EO7s80cX+VE+lo5vG/xkMMpXmPvCnJYCs=,20170331,8,0,1,0,11,12,2475.737,23.105.56.248
RlkaUZdmahbet8HXHY7UIFt5v2yHXGyEjBZvcKfgyT0=,20170331,1,0,1,1,88,86,22921.68,23.105.56.254
yhkskzXau/HotxDTC08ZLDXECZMI1MaAk+NDhD9R9lQ=,20170331,6,1,0,0,57,56,12858.548,23.105.56.81
z+3QUx5Vxx9LFWcA5Yu33fizSsqlIDQ4rw1WxxsdXoA=,20170331,19,22,2,4,16,54,6438.683,23.105.86.66
AiJvPa+6vO491OyiyQDgd7lusswIlDGYl6UdyAIxZuw=,20170331,0,0,0,0,14,13,2939.494,23.106.178.208
8eg2cmRzLJ+SPziK8dOPVfhUmval6Art5rTVydklV0k=,20170331,61,4,3,3,60,123,15966.987,23.106.178.65
PDYwfaL69BX+RmxskOutSYLi0h7BSGsXM4/AhJz+fvA=,20170331,1,3,0,0,14,15,3651.378,23.106.216.148
QJOhjYjy2RDuHbWIrOmOlzxxFxDe85tax66lhzQZedE=,20170331,54,7,2,7,41,96,13683.437,23.106.216.183
RSbaWPs7td7lPLavN6zoXP3vd57iwR+IUYR/VOUV6cU=,20170324,5,13,3,0,73,90,19428.4,23.106.219.224
zpM/frfpsVpRj3vSocMWLpZ9fhDdUIFV8M0T9yBU1bU=,20170325,1,1,0,1,10,13,2455.403,23.106.219.224
PmqV9+kOJPO1Ezy+VKzTOqfTO0hvgb8eip26raUMvcE=,20170325,3,0,0,1,7,8,1631.373,23.106.247.184
JjyS6sFWQd1zZ47rToR93wQhBI1Pc5DzXdhGIA7nxr0=,20170319,1,1,0,1,40,42,10274.15,23.108.13.89
Hk6jPs1apLSCqqqFeGMz79kRoPnjnCEBCf47ukSKjC0=,20170319,9,4,9,8,5,29,4430.717,23.108.165.117
AlpVSe4HMOcW/PhW/4AO8+ow1qTAwCeBplWqHC2T6OI=,20170319,7,5,0,1,217,222,47045.759,23.108.172.209
4HfA5OT0n3EabLJfY4hJKW7DRGGlDXWow4bQoKRPUU0=,20170319,11,0,1,0,20,32,4874.503,23.108.172.209
dkOvvuSXTzei+rwT7U7embwrBcFCX+aayAzOfTPyY7k=,20170318,2,0,0,1,27,27,6408.712,23.108.172.209
L+nolGDmzy7TYEjN9l19NYt1vr3RSQWMIMN/3kyCJhY=,20170319,45,7,2,3,56,78,15317.635,23.108.2.147
Amv9eGZUfIzDbR84VzanJu6zyaMC5vHdyYRET9gjySc=,20170319,8,1,0,2,14,23,3982.104,23.108.2.181
snoUiK3jD8O20Y0fCSkiXImq6znrsbVpQp6EuEg3v0g=,20170319,10,3,0,1,3,16,1469.612,23.108.2.197
0wPmoqibk6BFzELAxJ3Q6GcQ1Uwm/iH7jsr/jlWgu7Y=,20170318,0,1,0,0,34,32,8383.52,23.108.2.197
Tlowf5B4ofb2t/J1tqaUNa86z9ExfFOWmuBa+dONDok=,20170319,117,18,9,5,37,124,14768.685,23.108.2.246
VWap+kjstcjQLgPFT1HqfSbk/m4TeXuUxj132H1iMrY=,20170319,3,4,1,2,21,27,5680.734,23.108.2.49
E5vjMhp8WkcWuIzisn49GtTt8J/LKZ3MI0tNhgm8kOw=,20170317,9,5,5,1,13,27,4359.544,23.108.2.49
SM+0usFUXCjnkQQkxqpr8W/A+AguAA++aITifEubbUM=,20170316,0,0,0,0,280,72,38759,23.108.2.5
